Ort,Provinz,Wert,Date,Periode,Price,Erhaltung,Issuer,Title
Unterhausen,Württemberg,1 Mk,oD,Notgeld von 1914,25.0,I,Carl Burkhardt," , , , entw."
Blaubeuren,Württemberg,2 Mk,oD,Großgeld 1918,10.0,I,Amtskörperschaft," , , , No KN durchgestrichen"
Blaubeuren,Württemberg,5 Mk,oD,Großgeld 1918,10.0,I,Amtskörperschaft," , , , No KN durchgestrichen"
Blaubeuren,Württemberg,20 Mk,oD,Großgeld 1918,10.0,I,Amtskörperschaft," , , , No KN durchgestrichen"
Geislingen,Württemberg,50 Mk,NoDate,Großgeld 1918,9.0,I,Amtskörperschaft," , , Nov. 18"
Heidenheim,Württemberg,5 Mk,NoDate,Großgeld 1918,25.0,I-,Stadt," , , Nov. 18, KN 3,6 mm ohne PSt"
Heidenheim,Württemberg,20 Mk,NoDate,Großgeld 1918,50.0,I,Stadt," , , Nov. 18, KN 3,6 mm mit PSt"
Heidenheim,Württemberg,20 Mk,NoDate,Großgeld 1918,22.0,I,Stadt," , , Nov. 18, ohne PSt"
Heilbronn,Württemberg,5 Mk,17.10.18,Großgeld 1918,8.0,I,Stadtgemeinde," , , , Pap. Dick, No KN, entwertet"
Heilbronn,Württemberg,20 Mk,12.10.18,Großgeld 1918,45.0,I,Stadtgemeinde," , , , Pap dick, KN schwarz, gelocht"
Heilbronn,Württemberg,50 Mk,17.10.18,Großgeld 1918,9.0,I-,Stadtgemeinde," , , , Pap dünn, № KN 8*, entwertet"
Maulbronn,Württemberg,10 Mk,31.12.18,Großgeld 1918,10.0,I,Amtskörperschaft," , , , KN schwarz, entw."
Maulbronn,Württemberg,10 Mk,31.12.18,Großgeld 1918,3.0,I,Amtskörperschaft," , , , KN rot, entwertet"
Maulbronn,Württemberg,5 Mk,31.12.18,Großgeld 1918,3.0,I,Amtskörperschaft," , , , KN rot, entwertet"
Neckarsulm,Württemberg,20 Mk,15.11.18,Großgeld 1918,12.0,I,Stadt," , , "
Reutlingen,Württemberg,10 Mk,1.11.18,Großgeld 1918,15.0,II,Stadt," , , , Wz. ineinandergestellte Kreise"
Reutlingen,Württemberg,10 Mk,1.11.18,Großgeld 1918,12.0,I-,Stadt," , , , St. ""wertlos"""
Schwäbisch Gmünd,Württemberg,10 Mk,oD,Großgeld 1918,25.0,I,Oberamtsstadt," , , , ohne KN"
Schwäbisch Gmünd,Württemberg,20 Mk,oD,Großgeld 1918,20.0,II+,Oberamtsstadt," , , "
Schwäbisch Gmünd,Württemberg,50 Mk,oD,Großgeld 1918,22.0,II,Oberamtsstadt," , , "
Schwäbisch Gmünd,Württemberg,50 Mk,oD,Großgeld 1918,30.0,I,Oberamtsstadt," , , , ohne KN"
Stuttgart,Württemberg,20 Mk,oD,Großgeld 1918,120.0,I,Stadt," , , , unentwertet"
Stuttgart,Württemberg,20 Mk,oD,Großgeld 1918,80.0,III,Stadt," , , , KN 3,5 mm., mit PSt"
Stuttgart,Württemberg,20 Mk,oD,Großgeld 1918,75.0,I,Stadt," , , , KN 3,5 mm., mit PSt, entwertet"
Stuttgart,Württemberg,20 Mk,oD,Großgeld 1918,70.0,I,Stadt," , , , ""Ungültig"" waagerecht gedruckt"
Stuttgart,Württemberg,50 Mk,oD,Großgeld 1918,180.0,I,Stadt," , , , ohne KN, Ohne PSt, ungültig"
Zuffenhausen,Württemberg,5 Mk,15.11.18,Großgeld 1918,80.0,I,Stadt," , , , KN rot"
Zuffenhausen,Württemberg,10 Mk,15.11.18,Großgeld 1918,120.0,I,Stadt," , , , KN rot"
Zuffenhausen,Württemberg,10 Mk,15.11.18,Großgeld 1918,100.0,I-,Stadt," , , , KN rot"
Zuffenhausen,Württemberg,20 Mk,15.11.18,Großgeld 1918,150.0,I-,Stadt," , , , KN rot"
Giengen,Württemberg,1000 Mk,2.2.23,Vorinflation 1922,160.0,I-,Margarete Steiff," , , , lochentwertet"
Giengen,Württemberg,500 T,17.8.23,Vorinflation 1922,110.0,I-,Margarete Steiff," , , "
Saulgau,Württemberg,1000 Mk,29.9.22,Vorinflation 1922,30.0,II,J. Bautz," , , "
Saulgau,Württemberg,1000 Mk,27.10.22,Vorinflation 1922,20.0,III+,NoIssuerInfo," , "
Saulgau,Württemberg,1000 Mk,31.10.23,Vorinflation 1922,22.0,II,NoIssuerInfo," , "
Saulgau,Württemberg,500 Mk,20.10.22,Vorinflation 1922,35.0,II-,Carl Platz," , , "
Schwäbisch Gmünd,Württemberg,500 Mk,26.9.22,Vorinflation 1922,120.0,II,Gatter & Schüle," , , , entwertet"
Stuttgart,Württemberg,1000 Mk,25.9.22,Vorinflation 1922,25.0,I,Stadt," , , ; KN blaugrau"
Stuttgart,Württemberg,500 Mk,25.9.22,Vorinflation 1922,18.0,II,Stadt," , , ; Udr. Braun"
Stuttgart,Württemberg,100 Mk,25.9.22,Vorinflation 1922,15.0,I,Stadt," , , ; Reihe 3"
Stuttgart,Württemberg,1000 Mk,25.9.22,Vorinflation 1922,70.0,III+,Stadt," , , ; Rundsiegel ohne seitliche Verzierung"
Welzheim,Württemberg,10 T,2.3.23,Vorinflation 1922,70.0,I-,Carl Hahn," , , , Datum gest."
Welzheim,Württemberg,20 T,24.2.23,Vorinflation 1922,70.0,I-,Carl Hahn," , , , Datum gest."
Stuttgart,Württemberg,1000 Mk,26.11.22,Vorinflation 1922,140.0,I-,Zentralleitung f. Wohltätigkeit," , , , Rs, ohne Gedicht, o.Wz."
Aalen,Württemberg,100 T,10.8.23,Hochinflation 1923,90.0,I,Riegerwerk AG," , , , i.V. kursiv mitgedruckt"
Aalen,Württemberg,100 T,10.8.23,Hochinflation 1923,75.0,II,Riegerwerk AG," , , , i.V. kursiv mitgedruckt"
Aalen,Württemberg,500 T,10.8.23,Hochinflation 1923,10.0,II,Riegerwerk AG," , , , No KN ohne Raster"
Stuttgart,Württemberg,1 Mio,13.8.23,Hochinflation 1923,6.0,III,Reichsbahndirektion," , , , R.1, KN 3,4 mm"
Stuttgart,Württemberg,5 Mio,NoDate,Hochinflation 1923,20.0,IV-,Reichsbahndirektion," , , Druck rotbraun, Reihe 1"
Stuttgart,Württemberg,5 Mio,NoDate,Hochinflation 1923,9.0,I-,Reichsbahndirektion," , , Druck schwarzbraun, R.2"
Stuttgart,Württemberg,5 Mio,NoDate,Hochinflation 1923,7.0,II-,Reichsbahndirektion," , , Druck schwarzbraun, R.2"
Stuttgart,Württemberg,1 Mrd,26.9.23,Hochinflation 1923,6.0,III,Reichsbahndirektion," , , "
Stuttgart,Württemberg,20 Mrd,19.10.23,Hochinflation 1923,10.0,II,Reichsbahndirektion," , , , Reihe 2"
Stuttgart,Württemberg,20 Mrd,19.10.23,Hochinflation 1923,8.0,III,Reichsbahndirektion," , , , Reihe 2"
Stuttgart,Württemberg,50 Mrd,23.10.23,Hochinflation 1923,18.0,II,Reichsbahndirektion," , , "
Stuttgart,Württemberg,50 Mrd,23.10.23,Hochinflation 1923,10.0,III,Reichsbahndirektion," , , "
Stuttgart,Württemberg,100 Mrd,23.10.23,Hochinflation 1923,8.0,III,Reichsbahndirektion," , , , Reihe 1"
Stuttgart,Württemberg,100 Mrd,23.10.23,Hochinflation 1923,10.0,III,Reichsbahndirektion," , , , Wz. Rundwaben, Reihe 2"
Stuttgart,Württemberg,500 Mrd,23.10.23,Hochinflation 1923,15.0,II,Reichsbahndirektion," , , , Reihe 1"
Stuttgart,Württemberg,500 Mrd,23.10.23,Hochinflation 1923,12.0,III,Reichsbahndirektion," , , , Reihe 1"
Stuttgart,Württemberg,500 Mrd,23.10.23,Hochinflation 1923,18.0,II-,Reichsbahndirektion," , , , Reihe 2"
Stuttgart,Württemberg,500 Mrd,23.10.23,Hochinflation 1923,15.0,III,Reichsbahndirektion," , , , Reihe 2"
Stuttgart,Württemberg,1 Bio,5.11.23,Hochinflation 1923,22.0,I-,Reichsbahndirektion," , , , Reihe 1"
Stuttgart,Württemberg,1 Bio,5.11.23,Hochinflation 1923,15.0,II,Reichsbahndirektion," , , , Reihe 1"
Stuttgart,Württemberg,5 Bio,9.11.23,Hochinflation 1923,15.0,I,Reichsbahndirektion," , , "
Stuttgart,Württemberg,5 Bio,9.11.23,Hochinflation 1923,13.0,I-,Reichsbahndirektion," , , "
Alpirsbach,Württemberg,1 Mio,23.8.23,Hochinflation 1923,60.0,III,Stadt," , , "
Alpirsbach,Württemberg,200 T,23.8.23,Hochinflation 1923,80.0,I-,Stadt," , , "
Alpirsbach,Württemberg,2 Mio,23.8.23,Hochinflation 1923,60.0,I-,Stadt," , , "
Alpirsbach,Württemberg,500 T,23.8.23,Hochinflation 1923,80.0,I-,Stadt," , , "
Alpirsbach,Württemberg,2 Mio,29.8.23,Hochinflation 1923,70.0,III,Stadt," , , "
Alpirsbach,Württemberg,20 Mio,24.9.23,Hochinflation 1923,90.0,III,Stadt," , , , o.Wz"
Alpirsbach,Württemberg,50 Mio,21.9.23,Hochinflation 1923,120.0,II,Bijouteriefabrik M. Beisse," , , , Drfa: ""THEODOR BESSLER"""
Alpirsbach,Württemberg,5 Mio,21.9.23,Hochinflation 1923,120.0,II,Bijouteriefabrik M. Beisse," , , , Drfa: ""THEODOR BESSLER"""
Alpirsbach,Württemberg,10 Mio,21.9.23,Hochinflation 1923,75.0,III,Bijouteriefabrik M. Beisse," , , "
Alpirsbach,Württemberg,2 Mio,21.9.23,Hochinflation 1923,90.0,I,Bijouteriefabrik M. Beisse," , , "
Alpirsbach,Württemberg,100 Mio,12.10.23,Hochinflation 1923,85.0,I-,Bijouteriefabrik M. Beisse," , , "
Alpirsbach,Württemberg,200 Mio,12.10.23,Hochinflation 1923,85.0,II,Bijouteriefabrik M. Beisse," , , "
Backnang,Württemberg,100 Mrd,13.9.23,Hochinflation 1923,45.0,III,Stadt," , , , ""L"""
Backnang,Württemberg,20 Mrd,13.9.23,Hochinflation 1923,40.0,III,Stadt," , , "
Backnang,Württemberg,1 Mio,5.8.23,Hochinflation 1923,90.0,III,Oberamtssparkasse," , , , Pap. o. Wz, glatt, blassgrün"
Backnang,Württemberg,1 Mio,5.8.23,Hochinflation 1923,90.0,III,Oberamtssparkasse," , , , Pap. blassviolett, glattes Papier mit Firmen-Wz."
Backnang,Württemberg,500 T,6.8.23,Hochinflation 1923,60.0,II,Oberamtssparkasse," , , "
Backnang,Württemberg,500 T,6.8.23,Hochinflation 1923,45.0,III,Oberamtssparkasse," , , "
Backnang,Württemberg,5 Mio,6.8.23,Hochinflation 1923,60.0,II-,Oberamtssparkasse," , , "
Backnang,Württemberg,20 Mio,22.9.23,Hochinflation 1923,95.0,II-,Oberamtssparkasse," , , "
Backnang,Württemberg,50 Mrd,26.10.23,Hochinflation 1923,45.0,II-,Oberamtssparkasse," , , , dunkelbraun"
Baienfurt,Württemberg,1 Mio,15.9.23,Hochinflation 1923,40.0,III,METEOR," , , "
Baienfurt,Württemberg,2 Mio,15.9.23,Hochinflation 1923,90.0,II,METEOR," , , "
Baienfurt,Württemberg,5 Mio,15.9.23,Hochinflation 1923,45.0,II+,METEOR," , , "
Baienfurt,Württemberg,1 Mio,17.9.23,Hochinflation 1923,45.0,III,METEOR," , , "
Baienfurt,Württemberg,5 Mio,17.9.23,Hochinflation 1923,40.0,III,METEOR," , , "
Baienfurt,Württemberg,1 Mio,22.9.23,Hochinflation 1923,40.0,III+,METEOR," , , "
Baienfurt,Württemberg,2 Mio,22.9.23,Hochinflation 1923,40.0,III,METEOR," , , "
Baienfurt,Württemberg,5 Mio,22.9.23,Hochinflation 1923,40.0,II-,METEOR," , , ; Datum gestempelt"
Baienfurt,Württemberg,5 Mio,22.9.23,Hochinflation 1923,45.0,III,METEOR," , , , Datum hdschr,"
Baienfurt,Württemberg,1 Mio,29.9.23,Hochinflation 1923,40.0,II,METEOR," , , "
Baienfurt,Württemberg,2 Mio,29.9.23,Hochinflation 1923,50.0,I-,METEOR," , , "
Baienfurt,Württemberg,5 Mio,29.9.23,Hochinflation 1923,45.0,II,METEOR," , , ; St.: Bezahlt"
Baienfurt,Württemberg,1 Mio,6.10.23,Hochinflation 1923,45.0,I-,METEOR," , , "
Baienfurt,Württemberg,2 Mio,6.10.23,Hochinflation 1923,45.0,II,METEOR," , , "
Balingen,Württemberg,5 Mio,19.9.23,Hochinflation 1923,8.0,I,Oberamtsstadt," , , , Udr. graulila, Wz Rheinische Wellen"
Biberach,Württemberg,100 Mrd,5.11.23,Hochinflation 1923,35.0,II-,Franz Jauch," , , , Wellenrahmen nach innen, entwertet"
Biberach,Württemberg,100 Mrd,5.11.23,Hochinflation 1923,35.0,III,Franz Jauch," , , , Wellenrahmen nach außen"
Biberach,Württemberg,50Mrd,5.11.23,Hochinflation 1923,30.0,III+,Franz Jauch," , , ; Wellenrahmen nach außen"
Biberach,Württemberg,50 Mrd,5.11.23,Hochinflation 1923,40.0,II+,Franz Jauch," , , , Wellenrahmen nach innen"
Biberach,Württemberg,50 Mrd,5.11.23,Hochinflation 1923,30.0,III+,Franz Jauch," , , , Wellenrahmen nach innen"
Bietigheim,Württemberg,50 Mrd,26.10.23,Hochinflation 1923,30.0,III,Stadt," , , "
Bietigheim,Württemberg,5 Mrd,26.10.23,Hochinflation 1923,30.0,III,Stadt," , , "
Blaubeuren,Württemberg,1 Mio,31.10.23,Hochinflation 1923,8.0,II,Stadt," , , oD - , o. Wz"
Blaubeuren,Württemberg,1 Mio,31.10.23,Hochinflation 1923,12.0,I,Stadt," , , oD - , o. Wz"
Blaubeuren,Württemberg,500 T,31.10.23,Hochinflation 1923,8.0,I-,Stadt," , , oD - , o. Wz"
Böckingen,Württemberg,100 Mrd,25.10.23,Hochinflation 1923,12.0,I-,Stadtgemeinde," , , , Rs. kopfstehend, Wz. Hakenmäander"
Böckingen,Württemberg,1 Bio,25.10.23,Hochinflation 1923,30.0,I-,Stadtgemeinde," , , , Rs. kopfstehend, Wz. Hakenmäander"
Böckingen,Württemberg,20 Mrd,25.10.23,Hochinflation 1923,12.0,II,Stadtgemeinde," , , , Rs. kopfstehend"
Böckingen,Württemberg,500 Mrd,25.10.23,Hochinflation 1923,20.0,II,Stadtgemeinde," , , , Rs. kopfstehend, Wz. Hakenmäander"
Bönnigheim,Württemberg,100 T,8.8.23,Hochinflation 1923,120.0,II-,Gewerbebank," , , "
Bönnigheim,Württemberg,1 Mio,8.8.23,Hochinflation 1923,120.0,II,Gewerbebank," , , "
Bönnigheim,Württemberg,300 T,8.8.23,Hochinflation 1923,120.0,I,Gewerbebank," , , "
Bönnigheim,Württemberg,500 T,8.8.23,Hochinflation 1923,120.0,II-,Gewerbebank," , , "
Bönnigheim,Württemberg,1 Mio,3.9.23,Hochinflation 1923,120.0,II+,Amann & Söhne," , , , KSch auf Gewerbebank"
Bönnigheim,Württemberg,1 Mio,5.9.23,Hochinflation 1923,120.0,II+,Amann & Söhne," , , , KSch auf Gewerbebank"
Brackenheim,Württemberg,5 Mrd,29.10.23,Hochinflation 1923,80.0,III,Amtskörperschaft," , , "
Buchau,Württemberg,100 T,3.8.23,Hochinflation 1923,180.0,III,Trikotfabrik Hermann Moos," , , ; Pap wasserliniert"
Buchau,Württemberg,10 Mio,19.9.23,Hochinflation 1923,180.0,II+,Trikotfabrik Hermann Moos," , , "
Buchau,Württemberg,10 Mrd,2.11.23,Hochinflation 1923,220.0,III+,Trikotfabrik Hermann Moos," , , ; ohne Wz.!"
Burgrieden,Württemberg,100 T,15.8.23,Hochinflation 1923,45.0,I,Steiger," , , , Lit A"
Burgrieden,Württemberg,1 Mio,15.8.23,Hochinflation 1923,40.0,III,Steiger," , , , Lit D"
Burgrieden,Württemberg,250 T,15.8.23,Hochinflation 1923,40.0,III,Steiger," , , , Lit B"
Burgrieden,Württemberg,500 T,15.8.23,Hochinflation 1923,40.0,III,Steiger," , , , Lit C"
Burgrieden,Württemberg,20 Mrd,25.10.23,Hochinflation 1923,60.0,I-,Steiger," , , "
Calw,Württemberg,1 Mio,10.8.23,Hochinflation 1923,60.0,III+,Stadtgemeinde," , , "
Calw,Württemberg,1 Mio,20.8.23,Hochinflation 1923,20.0,II-,Stadtgemeinde," , , , Serie B"
Calw,Württemberg,10 Mio,1.9.23,Hochinflation 1923,60.0,II,Stadtgemeinde," , , ; Serie D"
Calw,Württemberg,2 Mrd,22.10.23,Hochinflation 1923,80.0,II+,Stadtgemeinde," , , "
Calw,Württemberg,20 Mrd,25.10.23,Hochinflation 1923,45.0,III,Stadtgemeinde," , , "
Calw,Württemberg,10 Mrd,26.10.23,Hochinflation 1923,60.0,III-,Oberamtssparkasse," , , "
Calw,Württemberg,50 Mrd,26.10.23,Hochinflation 1923,80.0,II+,Oberamtssparkasse," , , "
Dornstetten,Württemberg,1 Bio,27.10.23,Hochinflation 1923,70.0,III,Stadtgemeinde," , , , o. Wz."
Dornstetten,Württemberg,200 Mrd,27.10.23,Hochinflation 1923,80.0,III,Stadtgemeinde," , , , o. Wz."
Dürren,Württemberg,1 Mio,7.9.23,Hochinflation 1923,45.0,III,Vereinigte Käsereien," , , "
Dürren,Württemberg,10 Mio,8.9.23,Hochinflation 1923,45.0,III+,Vereinigte Käsereien," , , "
Dürren,Württemberg,10 Mio,12.9.23,Hochinflation 1923,60.0,II,Vereinigte Käsereien," , , "
Dürren,Württemberg,20 Mio,12.9.23,Hochinflation 1923,40.0,II,Vereinigte Käsereien," , , "
Dürren,Württemberg,5 Mio,12.9.23,Hochinflation 1923,45.0,II,Vereinigte Käsereien," , , "
Dürren,Württemberg,1 Mio,13.9.23,Hochinflation 1923,45.0,II,Vereinigte Käsereien," , , "
Dürren,Württemberg,20 Mio,13.9.23,Hochinflation 1923,40.0,III+,Vereinigte Käsereien," , , "
Dürren,Württemberg,5 Mio,13.9.23,Hochinflation 1923,45.0,II,Vereinigte Käsereien," , , "
Dürren,Württemberg,20 Mio,20.9.23,Hochinflation 1923,75.0,III,Vereinigte Käsereien," , , "
Dürren,Württemberg,5 Mio,20.9.23,Hochinflation 1923,40.0,III,Vereinigte Käsereien," , , "
Dürren,Württemberg,20 Mio,22.9.23,Hochinflation 1923,45.0,II,Vereinigte Käsereien," , , "
Dürren,Württemberg,5 Mio,22.9.23,Hochinflation 1923,50.0,II,Vereinigte Käsereien," , , "
Dürren,Württemberg,10 Mio,27.9.23,Hochinflation 1923,45.0,I-,Vereinigte Käsereien," , , "
Dürren,Württemberg,20 Mio,29.9.23,Hochinflation 1923,45.0,I-,Vereinigte Käsereien," , , "
Dürren,Württemberg,20Mio,1.10.23,Hochinflation 1923,45.0,II+,Vereinigte Käsereien," , , "
Dürren,Württemberg,20 Mio,2.10.23,Hochinflation 1923,45.0,I-,Vereinigte Käsereien," , , "
Dürren,Württemberg,5 Mio,2.10.23,Hochinflation 1923,45.0,II+,Vereinigte Käsereien," , , "
Erbach,Württemberg,1 Bio,20.11.23,Hochinflation 1923,50.0,I-,Gemeinde," , , ; St. 1 ohne ""a.D."""
Erbach,Württemberg,1 Bio,22.11.23,Hochinflation 1923,50.0,I-,Gemeinde," , , ; St. 1 ohne ""a.D."""
Erbach,Württemberg,1 Bio,22.11.23,Hochinflation 1923,40.0,II,Gemeinde," , , ; St. 1 ohne ""a.D."""
Erbach,Württemberg,1 Bio,18.11.23,Hochinflation 1923,35.0,I-,Gemeinde," , , "
Erbach,Württemberg,1 Bio,17.11.23,Hochinflation 1923,40.0,II,Gemeinde," , , ; St. 2 ohne ""a.D."""
Eßlingen,Württemberg,500 T,27.8.23,Hochinflation 1923,8.0,I-,Stadt," , , "
Eßlingen,Württemberg,2 Mrd,oD,Hochinflation 1923,30.0,I,Stadt," , , , Üdr a. 50 Pf. v. 1917"
Eßlingen,Württemberg,1 Bio,7.11.23,Hochinflation 1923,25.0,III,Stadt," , , , KN 4,4 mm"
Feuerbach,Württemberg,20 Mrd,26.10.23,Hochinflation 1923,30.0,I,Stadt," , , "
Feuerbach,Württemberg,2 Mrd,26.10.23,Hochinflation 1923,25.0,I-,Stadt," , , , D 1,"
Feuerbach,Württemberg,50 Mrd,26.10.23,Hochinflation 1923,35.0,I,Stadt," , , "
Feuerbach,Württemberg,5 Mrd,26.10.23,Hochinflation 1923,25.0,II+,Stadt," , , "
Feuerbach,Württemberg,100 Mrd,1.11.23,Hochinflation 1923,60.0,I,Stadt," , , "
Feuerbach,Württemberg,20 Mrd,1.11.23,Hochinflation 1923,60.0,I,Stadt," , , "
Feuerbach,Württemberg,5 Mrd,1.11.23,Hochinflation 1923,60.0,I,Stadt," , , "
Feuerbach,Württemberg,50 Mrd,1.11.23,Hochinflation 1923,120.0,I-,Stadt," , , , KN 6*l"
Feuerbach,Württemberg,50 Mrd,1.11.23,Hochinflation 1923,160.0,I-,Stadt," , , , KN 6*s"
Freudenstadt/Baiersbonn,Württemberg,5 Bio,NoDate,Hochinflation 1923,80.0,I,Städte," , , Nov. 23, entwertet"
Friedrichshafen,Württemberg,100 Mrd,10.10.23,Hochinflation 1923,45.0,I,Stadt," , , , ohne Dfa., Rs. mit Udr"
Geislingen,Württemberg,20 Mrd,26.10.23,Hochinflation 1923,15.0,II,Stadt," , , , Bild nach rechts, entwertet"
Geislingen,Württemberg,1 Bio,14.11.23,Hochinflation 1923,60.0,II-,Stadt," , , , ""den Betrag von"", entwertet"
Geislingen,Württemberg,10 Mrd,26.10.23,Hochinflation 1923,30.0,I-,Gewerbebank," , , "
Geislingen,Württemberg,100 T,4.8.23,Hochinflation 1923,120.0,III,Metallwarenfabrik," , , "
Geislingen,Württemberg,500 T,4.8.23,Hochinflation 1923,150.0,II,Metallwarenfabrik," , , "
Geislingen,Württemberg,1 Bio,20.10.23,Hochinflation 1923,140.0,I,Oberamtssparkasse," , , "
Gerabronn,Württemberg,20 Mrd,27.10.23,Hochinflation 1923,22.0,II,Oberamtssparkasse," , , "
Gerabronn,Württemberg,50 Mrd,27.10.23,Hochinflation 1923,25.0,I-,Oberamtssparkasse," , , "
Gerabronn,Württemberg,100 Mrd,10.11.23,Hochinflation 1923,25.0,I-,Oberamtssparkasse," , , "
Gerstetten,Württemberg,100 Mrd,15.11.23,Hochinflation 1923,45.0,I-,Gemeinde," , , "
Gerstetten,Württemberg,1 Bio,15.11.23,Hochinflation 1923,60.0,II,Gemeinde," , , "
Gerstetten,Württemberg,500 Mrd,15.11.23,Hochinflation 1923,35.0,II,Gemeinde," , , "
Giengen,Württemberg,500 Mrd,25.10.23,Hochinflation 1923,35.0,I,Stadt," , , , ""5"" 8 mm, ""0"" 5 mm"
Giengen,Württemberg,2 Mio,24.8.23,Hochinflation 1923,120.0,II+,Margarete Steiff," , , "
Giengen,Württemberg,1 Mio,28.8.23,Hochinflation 1923,120.0,II,Margarete Steiff," , , "
Giengen,Württemberg,20 Mrd,3.11.23,Hochinflation 1923,120.0,III,Margarete Steiff," , , "
Göppingen,Württemberg,2 Mio,23.8.23,Hochinflation 1923,4.0,III,Amtskörperschaft," , , , ""2 Millionen"""
Göppingen,Württemberg,2 Mio,23.8.23,Hochinflation 1923,6.0,IV,Amtskörperschaft," , , , ""2 Millionen Mark"""
Göppingen,Württemberg,5 Mio,31.8.23,Hochinflation 1923,5.0,III,Amtskörperschaft," , , "
Göppingen,Württemberg,1 Mio,12.9.23,Hochinflation 1923,5.0,III,Amtskörperschaft," , , , Rs. Druck schwarz"
Hechingen u. Haigerloch,Württemberg,500 T,oD,Hochinflation 1923,30.0,III,Amtsverbände," , , , Wz Bandwerk"
Heidenheim,Württemberg,50 Mio,29.9.23,Hochinflation 1923,200.0,III-,Stadt," , , "
Heidenhein,Württemberg,1 Bio,oD,Hochinflation 1923,80.0,I,NoIssuerInfo," , , Strich-Punkt-Strich"
Heidenhein,Württemberg,2 Bio,oD,Hochinflation 1923,60.0,I,NoIssuerInfo," , , Strich"
Heidenheim,Württemberg,200 T,10.8.23,Hochinflation 1923,85.0,I-,Paul Hartmann," , , "
Heidenheim,Württemberg,2 Mio,oD,Hochinflation 1923,65.0,I-,Paul Hartmann," , , , mit Us"
Heidenheim,Württemberg,1 Mio,oD,Hochinflation 1923,45.0,I-,Paul Hartmann," , , "
Heidenheim,Württemberg,2 Mrd,oD,Hochinflation 1923,45.0,I-,Paul Hartmann," , , , ohne Us"
Heidenheim,Württemberg,10 Mrd,14.11.23,Hochinflation 1923,75.0,I,Paul Hartmann," , , , fleckig, sonst"
Heidenheim,Württemberg,10 Mrd,oD,Hochinflation 1923,45.0,I-,Paul Hartmann," , , , blanko"
Heidenheim,Württemberg,5 Mrd,14.11.23,Hochinflation 1923,120.0,I,Paul Hartmann," , , "
Heidenheim,Württemberg,5 Mrd,oD,Hochinflation 1923,45.0,I-,Paul Hartmann," , , , blanko"
Heidenheim,Württemberg,200 T,NoDate,Hochinflation 1923,50.0,III+,J.M.VOITH," , , Sept. 23, ohne KN, ohne Tag"
Heidenheim,Württemberg,10 Mrd,oD,Hochinflation 1923,60.0,III-,J.M.VOITH," , , , ohne KN, ungültig"
Herbrechtingen,Württemberg,1 Bio,26.10.23,Hochinflation 1923,75.0,II+,Gemeinde," , , "
Herbrechtingen,Württemberg,1 Bio,26.10.23,Hochinflation 1923,65.0,III,Gemeinde," , , "
Herbrechtingen,Württemberg,500 Mrd,26.10.23,Hochinflation 1923,40.0,II+,Gemeinde," , , , Rs. nur Schwarzdruck"
Herrenberg,Württemberg,500 T,20.8.23,Hochinflation 1923,45.0,III,Stadt," , , "
Herrenberg,Württemberg,20 Mrd,3.11.23,Hochinflation 1923,50.0,II,Stadt," , , "
Herrenberg,Württemberg,50 Mrd,3.11.23,Hochinflation 1923,50.0,II,Stadt," , , "
Herrenberg,Württemberg,100 Mrd,12.11.23,Hochinflation 1923,50.0,II-,Stadt," , , "
Herrenberg,Württemberg,500 Mrd,12.11.23,Hochinflation 1923,55.0,II-,Stadt," , , "
Kirchheim-Teck,Württemberg,100 T,14.8.23,Hochinflation 1923,7.0,III,Amtskörperschaft," , , "
Kirchheim-Teck,Württemberg,500 T,14.8.23,Hochinflation 1923,7.0,III,Amtskörperschaft," , , "
Kirchheim-Teck,Württemberg,5 Mrd,30.10.23,Hochinflation 1923,65.0,II+,Amtskörperschaft," , , , FUS. Nestel 14 mm"
Kirchheim-Teck,Württemberg,3 Mio,28.8.23,Hochinflation 1923,75.0,III,Kolb & Schüle," , , "
Korntal,Württemberg,10 Mio,12.9.23,Hochinflation 1923,25.0,II+,Gemeinde," , , "
Korntal,Württemberg,10 Mio,12.9.23,Hochinflation 1923,28.0,I,Gemeinde," , , "
Korntal,Württemberg,5 Mio,12.9.23,Hochinflation 1923,28.0,I,Gemeinde," , , "
Kuchen,Württemberg,500 T,20.8.23,Hochinflation 1923,75.0,III,Süddeutsche Baumwoll-Industrie," , , , entwertet"
Künzelsau,Württemberg,20 Mio,20.8.23,Hochinflation 1923,30.0,III+,Oberamtssparkasse," , , . Reihe G"
Künzelsau,Württemberg,3 Mio,20.8.23,Hochinflation 1923,30.0,II-,Oberamtssparkasse," , , , Reihe E"
Künzelsau,Württemberg,5 Mio,20.8.23,Hochinflation 1923,30.0,II,Oberamtssparkasse," , , , Reihe F"
Künzelsau,Württemberg,2 Mio,20.8.23,Hochinflation 1923,35.0,III+,Oberamtssparkasse," , , , WZ braun"
Lauffen,Württemberg,1 Bio,1.10.23,Hochinflation 1923,50.0,I-,Stadt," , , "
Laupheim,Württemberg,100 T,4.8.23,Hochinflation 1923,25.0,I-,A O K," , , , WZ 3,5 mm, RSt"
Lauterbach,Württemberg,200 Mio,3.10.23,Hochinflation 1923,85.0,III,Flaig," , , ; Drfa,. 31 mm"
Lauterbach,Württemberg,200 Mio,6.10.23,Hochinflation 1923,45.0,IV,Flaig," , , , Dfa. 43 mm"
Lauterbach,Württemberg,500 Mio,10.10.23,Hochinflation 1923,60.0,III,Flaig," , , "
Lauterbach,Württemberg,10 Mrd,23.10.23,Hochinflation 1923,65.0,II,Flaig," , , "
Lauterbach,Württemberg,5 Mrd,23.10.23,Hochinflation 1923,60.0,III+,Flaig," , , "
Lauterbach,Württemberg,500 Mrd,8.11.13,Hochinflation 1923,70.0,III,Flaig," , , "
Lauterbach,Württemberg,100 Mrd,13.11.23,Hochinflation 1923,55.0,III,Flaig," , , "
Lauterbach,Württemberg,300 Mrd,13.11.23,Hochinflation 1923,65.0,II,Flaig," , , "
Lauterbach,Württemberg,1 Bio,15.11.23,Hochinflation 1923,120.0,I-,Flaig," , , "
Leutkirch,Württemberg,1 Bio,20.8.23,Hochinflation 1923,30.0,III-,Amtskörperschaft," , , ; ""B"""
Leutkirch,Württemberg,100 T,21.8.23,Hochinflation 1923,9.0,I,Oberamtsstadt," , , ,"
Leutkirch,Württemberg,1 Bio,21.8.23,Hochinflation 1923,50.0,I-,Oberamtsstadt," , , "
Leutkirch,Württemberg,1 Bio,21.8.23,Hochinflation 1923,35.0,III,Oberamtsstadt," , , "
Leutkirch,Württemberg,500 Mrd,21.8.23,Hochinflation 1923,45.0,I-,Oberamtsstadt," , , , Rahmen li obern ohne ""Quadrat"""
Leutkirch,Württemberg,5 Bio,21.8.23,Hochinflation 1923,60.0,I-,Oberamtsstadt," , , "
Leutkirch,Württemberg,5 Bio,21.8.23,Hochinflation 1923,40.0,III,Oberamtsstadt," , , "
Ludwigsburg,Württemberg,5 Mrd,1.10.23,Hochinflation 1923,35.0,III+,Stadtgemeinde," , , , Wz Achteckfliesen"
Marbach,Württemberg,20 Mrd,1.11.23,Hochinflation 1923,30.0,I-,Stadtgemeinde," , , "
Marbach,Württemberg,10 Mio,23.8.23,Hochinflation 1923,45.0,II,Marbacher Bank," , , "
Marbach,Württemberg,10 Mio,23.8.23,Hochinflation 1923,35.0,II-,Marbacher Bank," , , "
Marbach,Württemberg,1 Mio,23.8.23,Hochinflation 1923,35.0,II-,Marbacher Bank," , , "
Marbach,Württemberg,20 Mio,23.8.23,Hochinflation 1923,35.0,II,Marbacher Bank," , , "
Marbach,Württemberg,50 Mio,15.8.23,Hochinflation 1923,55.0,II-,Oberamtssparkasse," , , "
Mengen,Württemberg,1 Bio,21.11.23,Hochinflation 1923,30.0,III-,Stadtgemeinde," , , , Udr gelb; KN 6 mm"
Mergentheim,Württemberg,500 Mio,21.8.23,Hochinflation 1923,25.0,III+,Bad," , Oberamtsstadt, , , Reihe IX"
Metzingen,Württemberg,100 T,17.8.23,Hochinflation 1923,12.0,III,Stadtgemeinde," , , , Rs. Stpl. ohne Innenkreis"
Munderkingen,Württemberg,10 Mrd,1.11.23,Hochinflation 1923,45.0,III,Stadt," , , ; Rs. Bild rotbraun"
Munderkingen,Württemberg,10 Mrd,1.11.23,Hochinflation 1923,35.0,III,Stadt," , , ; Rs. Bild olivgrün"
Munderkingen,Württemberg,500 Mrd,13.11.23,Hochinflation 1923,75.0,III,Stadt," , , "
Murrhardt,Württemberg,1 Bio,24.10.23,Hochinflation 1923,45.0,I,Stadt," , , "
Murrhardt,Württemberg,10 Mrd,3.11.23,Hochinflation 1923,120.0,I,Stadt," , , ,"
Murrhardt,Württemberg,10 Mrd,29.10.23,Hochinflation 1923,160.0,II-,Heinrich Wieland," , , "
Murrhardt,Württemberg,500 Mio,25.10.23,Hochinflation 1923,120.0,II,H.Hansteiner," , , "
Murrhardt,Württemberg,5 Mrd,1.11.23,Hochinflation 1923,150.0,II+,H.Hansteiner," , , "
Murrhardt,Württemberg,10 Mrd,2.11.23,Hochinflation 1923,120.0,II,Waagenfabrik Gebrüder Söhnle," , , "
Murrhardt,Württemberg,500 Mio,20.10.23,Hochinflation 1923,120.0,II,Waagenfabrik Gebrüder Söhnle," , , "
Murrhardt,Württemberg,500 Mio,oD,Hochinflation 1923,120.0,III,Waagenfabrik Gebrüder Söhnle," , , "
Murrhardt,Württemberg,5 Mrd,23.10.23,Hochinflation 1923,120.0,III,Waagenfabrik Gebrüder Söhnle," , , "
Murrhardt,Württemberg,5 Mrd,2.11.23,Hochinflation 1923,120.0,III,Waagenfabrik Gebrüder Söhnle," , , "
Murrhardt,Württemberg,5 Mrd,3.11.23,Hochinflation 1923,150.0,II,G. Schlipf," , , "
Murrhardt,Württemberg,10 Mrd,27.10.23,Hochinflation 1923,120.0,III,Louis Schweizer," , , "
Murrhardt,Württemberg,1 Mrd,22.10.23,Hochinflation 1923,120.0,I-,Louis Schweizer," , , "
Murrhardt,Württemberg,1 Mrd,29.10.23,Hochinflation 1923,120.0,III,Louis Schweizer," , , "
Murrhardt,Württemberg,500 Mio,20.10.23,Hochinflation 1923,120.0,I-,Louis Schweizer," , , "
Murrhardt,Württemberg,500 Mio,oD,Hochinflation 1923,150.0,II-,Louis Schweizer," , , "
Murrhardt,Württemberg,5 Mrd,27.10.23,Hochinflation 1923,120.0,I-,Louis Schweizer," , , "
Murrhardt,Württemberg,5 Mrd,25.10.23,Hochinflation 1923,120.0,II,Louis Schweizer," , , "
Murrhardt,Württemberg,1 Mrd,23.10.23,Hochinflation 1923,120.0,III,Württ. Tackes- & Drahtstiftenfabrik," , , "
Nagold,Württemberg,20 Mio,19.9.23,Hochinflation 1923,50.0,III+,Stadtgemeinde," , , "
Nagold,Württemberg,50 Mio,19.9.23,Hochinflation 1923,65.0,II,Stadtgemeinde," , , "
Nagold,Württemberg,20 Mrd,20.10.23,Hochinflation 1923,80.0,III,Stadtgemeinde," , , "
Neresheim,Württemberg,10 Mio,28.9.23,Hochinflation 1923,40.0,II-,Oberamtssparkasse," , , "
Nürtingen,Württemberg,1 Mio,18.8.23,Hochinflation 1923,25.0,II,Stadtgemeinde," , , , Vs. unten rechts ""Rückseite)."", KN 6 mm"
Nürtingen,Württemberg,1 Mio,18.8.23,Hochinflation 1923,30.0,I-,Stadtgemeinde," , , , Vs. unten rechts ""Rückseite)."", KN 4,5 mm"
Nürtingen,Württemberg,200 T,18.8.23,Hochinflation 1923,30.0,III,Stadtgemeinde," , , , Vs. unten rechts ""Rückseite.)"""
Nürtingen,Württemberg,500 T,18.8.23,Hochinflation 1923,20.0,III,Stadtgemeinde," , , , Vs. unten rechts ""Rückseite.)"", KN 4,5 mm"
Nürtingen,Württemberg,100 T,20.8.23,Hochinflation 1923,150.0,II-,"Franz Entress!)""§"," , , "
Obereßlingen,Württemberg,1 Mio,28.8.23,Hochinflation 1923,140.0,I,"Werkzeugmaschinenfabrik ""INDEX"""," , , "
Obereßlingen,Württemberg,2 Mio,28.8.23,Hochinflation 1923,140.0,I,"Werkzeugmaschinenfabrik ""INDEX"""," , , "
"Oberndorf, Rottweil, …",Württemberg,20 Mrd,25.10.23,Hochinflation 1923,18.0,II,Rottweil," , …, Amtskörperschaften, , , KN *l"
Oberndorf,Württemberg,20 Mrd,25.10.23,Hochinflation 1923,18.0,I-,Amtskörperschaften," , , , KN *l"
"Oberndorf, Rottweil, …",Württemberg,10 Mrd,25.10.23,Hochinflation 1923,35.0,I,Rottweil," , …, , , Wz. Bandwerk, № KN 4 mm"
"Oberndorf, Rottweil, …",Württemberg,50 Mrd,25.10.23,Hochinflation 1923,30.0,III,Rottweil," , …, Amtskörperschaften, , , Wz. Bandwerk"
"Oberndorf, Rottweil, …",Württemberg,50 Mrd,25.10.23,Hochinflation 1923,60.0,II,Rottweil," , …, , , Wz. Bandwerk"
"Oberndorf, Rottweil, …",Württemberg,50 Mrd,25.10.23,Hochinflation 1923,65.0,III,Rottweil," , …, , , Wz. ineinander gestellte Kreuze"
Ochsenhausen,Württemberg,5 Mrd,27.10.23,Hochinflation 1923,25.0,II,Gemeinde," , , "
Ochsenhausen,Württemberg,100 Mrd,17.11.23,Hochinflation 1923,25.0,III,Gemeinde," , , "
Öhringen,Württemberg,100 T,16.8.23,Hochinflation 1923,35.0,III,Bank für Gewerbe," , , , Datum gestempelt"
Öhringen,Württemberg,100 T,14.8.23,Hochinflation 1923,25.0,II-,Bank für Gewerbe," , , , Datum gedruckt"
Öhringen,Württemberg,100 Mio,5.10.23,Hochinflation 1923,25.0,II-,Bank für Gewerbe," , , , Datum gedruckt"
Öhringen,Württemberg,5 Mrd,25.10.23,Hochinflation 1923,30.0,II-,Bank für Gewerbe," , , , Datum gedruckt"
Öhringen,Württemberg,100 T,14.8.23,Hochinflation 1923,45.0,II,Bank für Gewerbe," , , "
Öhringen,Württemberg,5 Mrd,25.10.23,Hochinflation 1923,35.0,II,Hohenlohebank AG," , , , ohne Ort"
Öhringen,Württemberg,5 Mrd,25.10.23,Hochinflation 1923,40.0,III,Hohenlohebank AG," , , , Filiale Neuenstadt"
Öhringen,Württemberg,5 Mrd,25.10.23,Hochinflation 1923,35.0,I-,Hohenlohebank AG," , , , Filiale Weinsberg"
Öhringen,Württemberg,5 Mrd,25.10.23,Hochinflation 1923,40.0,II,Karosseriewerk Weinsberg," , , "
Pfullingen,Württemberg,500 T,15.8.23,Hochinflation 1923,6.0,III,Stadt," , , , Reihe B, KN 4,5 mm eng"
Pfullingen,Württemberg,1 Mio,NoDate,Hochinflation 1923,280.0,III,Burkhardt," , , 15,8,23"
Pfullingen,Württemberg,500 T,15.8.23,Hochinflation 1923,240.0,III,Burkhardt," , , "
Ravensburg,Württemberg,500 Mrd,25.10.23,Hochinflation 1923,30.0,II-,Stadt," , , , Pap dick rauh, Nr NK"
Ravensburg,Württemberg,10 Bio,25.10.23,Hochinflation 1923,60.0,I-,Stadt," , , , № KN"
Ravensburg,Württemberg,10 Bio,25.10.23,Hochinflation 1923,60.0,II,Stadt," , , , Nr KN 8*"
Ravensburg,Württemberg,10 Mio,15.9.23,Hochinflation 1923,240.0,III,Bezugs- und Absatzgenossenschaft," , , "
Ravensburg,Württemberg,1 Mio,18.8.23,Hochinflation 1923,30.0,II,NoIssuerInfo," , ; 000 feiner"
Ravensburg,Württemberg,1 Mio,18.8.23,Hochinflation 1923,30.0,III,NoIssuerInfo," , ; 000 fett"
Ravensburg,Württemberg,1 Mio,18.8.23,Hochinflation 1923,35.0,I,Amtskörperschaft," , , , 000 feiner"
Reutlingen,Württemberg,100 T,11.8.23,Hochinflation 1923,15.0,I-,Stadt," , , "
Reutlingen,Württemberg,20 Mio,1.10.23,Hochinflation 1923,15.0,I-,Stadt," , , , Reihe I"
Reutlingen,Württemberg,10 Mrd,25.10.23,Hochinflation 1923,45.0,II-,Stadt," , , , G № KN 6*s"
Reutlingen,Württemberg,20 Mrd,15.10.23,Hochinflation 1923,30.0,I-,Stadt," , , , 1 Buchstaben vor KN"
Reutlingen,Württemberg,20 Mrd,15.10.23,Hochinflation 1923,20.0,II,Stadt," , , , 1 Buchstaben vor KN"
Reutlingen,Württemberg,10 Mrd,25.10.23,Hochinflation 1923,40.0,II,Stadt," , , , 1 Buchstaben vor KN"
Reutlingen,Württemberg,10 Mrd,25.10.23,Hochinflation 1923,55.0,III+,Stadt," , , , Doppel-Buchstaben vor KN"
Reutlingen,Württemberg,50 Mrd,27.10.23,Hochinflation 1923,35.0,II,Stadt," , , "
Reutlingen,Württemberg,50 Mrd,27.10.23,Hochinflation 1923,30.0,III+,Stadt," , , "
Reutlingen,Württemberg,5 Mrd,27.10.23,Hochinflation 1923,45.0,I-,Stadt," , , "
Reutlingen,Württemberg,200 T,17.8.23,Hochinflation 1923,240.0,III,Oertel & Spöhrter," , , "
Riedlingen,Württemberg,20 Mrd,28.9.23,Hochinflation 1923,65.0,III,Oberamtssparkasse," , , , Rs. grüner Druck"
Riedlingen,Württemberg,1 Bio,15.11.23,Hochinflation 1923,30.0,I,NoIssuerInfo," , , Udr gelblich, ohne KN u. St"
Riedlingen,Württemberg,10 Mio,29.8.23,Hochinflation 1923,20.0,II-,NoIssuerInfo," , "
Riedlingen,Württemberg,250 Mrd,NoDate,Hochinflation 1923,25.0,I,Gewerbebank," , , Okt. 23"
Riedlingen,Württemberg,1 Bio,15.11.23,Hochinflation 1923,30.0,II-,Gewerbebank," , , , o.Wz.,"
Rottenburg,Württemberg,3 Mio,21.9.23,Hochinflation 1923,280.0,II-,Fouquet & Franz," , , , Datumstpl. 4,5 mm hoch, n.i.K."
Rottweil,Württemberg,100 T,17.8.23,Hochinflation 1923,15.0,I-,Stadt," , , "
Rottweil,Württemberg,500 T,17.8.23,Hochinflation 1923,15.0,I-,Stadt," , , "
Saulgau,Württemberg,5 Bio,20.11.23,Hochinflation 1923,25.0,I-,Oberamtspflege," , , "
Saulgau,Württemberg,5 Mio,21.8.23,Hochinflation 1923,85.0,III,Stadtpflege," , , "
Saulgau,Württemberg,2 Bio,16.11.23,Hochinflation 1923,30.0,III-,Stadtpflege," , , , Wertleiste grün umrahmt"
Saulgau,Württemberg,5 Bio,20.11.23,Hochinflation 1923,30.0,III,Stadtpflege," , , "
Saulgau,Württemberg,10 Mio,18.9.23,Hochinflation 1923,20.0,I-,Stadtpflege," , , "
Saulgau,Württemberg,20 Mio,18.9.23,Hochinflation 1923,15.0,II,Stadtpflege," , , "
Saulgau,Württemberg,5 Mio,18.9.23,Hochinflation 1923,20.0,I-,Stadtpflege," , , "
Saulgau,Württemberg,20 Mio,1.10.23,Hochinflation 1923,20.0,I-,Stadtpflege," , , "
Saulgau,Württemberg,50 Mio,1.10.23,Hochinflation 1923,15.0,I-,Stadtpflege," , , "
Saulgau,Württemberg,5 Mio,1.10.23,Hochinflation 1923,20.0,I-,Stadtpflege," , , "
Saulgau,Württemberg,100 Mio,20.10.23,Hochinflation 1923,20.0,III,Stadtpflege," , , , im roten Strich-Udr Scharten ausgespart"
Saulgau,Württemberg,100 Mio,20.10.23,Hochinflation 1923,35.0,II,Stadtpflege," , , , Udr durchgehend"
Saulgau,Württemberg,1 Bio,13.11.23,Hochinflation 1923,25.0,II,Stadtpflege," , , "
Saulgau,Württemberg,1 Bio,16.11.23,Hochinflation 1923,30.0,I-,Stadtpflege," , , , Wertleiste grün umrahmt"
Saulgau,Württemberg,500 Mrd,16.11.23,Hochinflation 1923,25.0,I-,Stadtpflege," , , , Wertleiste grün"
Saulgau,Württemberg,20 Mio,3.10.23,Hochinflation 1923,30.0,I,Allgem. Ortskrankenkasse," , , "
Saulgau,Württemberg,50 Mio,3.10.23,Hochinflation 1923,30.0,III+,Allgem. Ortskrankenkasse," , , "
Saulgau,Württemberg,50 Mrd,1.11.23,Hochinflation 1923,25.0,I,Allgem. Ortskrankenkasse," , , , ""Rotes Kreuz"""
Saulgau,Württemberg,5 Mio,1.9.23,Hochinflation 1923,65.0,III-,J. Bautz," , , "
Saulgau,Württemberg,100 Mio,10.10.23,Hochinflation 1923,60.0,II,J. Bautz," , , , Lit F"
Saulgau,Württemberg,100 Mio,10.10.23,Hochinflation 1923,45.0,II-,J. Bautz," , , , Lit F"
Saulgau,Württemberg,500 Mio,10.10.23,Hochinflation 1923,65.0,III,J. Bautz," , , "
Saulgau,Württemberg,50 Mio,10.10.23,Hochinflation 1923,35.0,II,J. Bautz," , , "
Saulgau,Württemberg,500 Mio,10.10.23,Hochinflation 1923,60.0,IV,J. Bautz," , , : Fehlstellen am Rand hinterklebt"
Saulgau,Württemberg,5 Mrd,20.10.23,Hochinflation 1923,70.0,II-,J. Bautz," , , "
Saulgau,Württemberg,500 T,24.8.23,Hochinflation 1923,18.0,I-,Gewerbebank," , , "
Saulgau,Württemberg,50 Mio,20.9.23,Hochinflation 1923,20.0,III+,Amtskörperschaft," , , "
Saulgau,Württemberg,50 Mrd,1.11.23,Hochinflation 1923,30.0,II-,Amtskörperschaft," , , , ohne Wz"
Spaichingen,Württemberg,500 T,11.8.23,Hochinflation 1923,75.0,III,Stadtgemeinde," , , , Pap weiß, o.Wz"
Stuttgart,Württemberg,1 Mio,1.8.23,Hochinflation 1923,35.0,I,Stadt," , , , ohne KN"
Stuttgart,Württemberg,50 Mrd,20.10.23,Hochinflation 1923,35.0,I,Stadt," , , , Muster ohne KN"
Stuttgart,Württemberg,5 Mrd,20.10.23,Hochinflation 1923,35.0,I,Stadt," , , , Muster ohne KN"
Stuttgart,Württemberg,5 Mrd,25.10.23,Hochinflation 1923,45.0,I,NoIssuerInfo," , , Muster ohne KN"
Stuttgart,Württemberg,3 Mrd,26.10.23,Hochinflation 1923,25.0,III+,NoIssuerInfo," , , A"
Stuttgart,Württemberg,3 Mrd,26.10.23,Hochinflation 1923,30.0,I-,Daimler-Motoren-Werke," , , , B"
Stuttgart,Württemberg,5 Mrd,2.11.23,Hochinflation 1923,25.0,III,NoIssuerInfo," , ; Serie F"
Stuttgart,Württemberg,10 Mrd,26.10.23,Hochinflation 1923,80.0,II,Lang & Bumiller," , , , HU"
Stuttgart,Württemberg,1 Mrd,26.10.23,Hochinflation 1923,60.0,I,Lang & Bumiller," , , , FUS"
Stuttgart,Württemberg,5 Mrd,26.10.23,Hochinflation 1923,55.0,II+,Lang & Bumiller," , , "
Stuttgart,Württemberg,5 Mrd,26.10.23,Hochinflation 1923,60.0,I-,Lang & Bumiller," , , "
Stuttgart,Württemberg,50 T,30.7.23,Hochinflation 1923,190.0,III,Oberamtssparkasse," , , "
Stuttgart,Württemberg,200 Mio,10.10.23,Hochinflation 1923,150.0,III+,Hüttenwerke," , , "
Stuttgart,Württemberg,20 Mrd,25.10.23,Hochinflation 1923,95.0,II+,Hüttenwerke," , , "
Stuttgart,Württemberg,500 T,10.8.23,Hochinflation 1923,250.0,III,Waldorf-Astoria Cigarettenfabrik," , , ; ""F"","
Stuttgart,Württemberg,20 Mio,NoDate,Hochinflation 1923,45.0,I-,Waldorf-Astoria Cigarettenfabrik," , , Sept. 23, ohne KN"
Stuttgart,Württemberg,5 Mio,NoDate,Hochinflation 1923,45.0,I-,Waldorf-Astoria Cigarettenfabrik," , , Sept. 23, ohne KN"
Stuttgart,Württemberg,5 Mio,NoDate,Hochinflation 1923,60.0,II,Waldorf-Astoria Cigarettenfabrik," , , Sept. 23, ohne KN, ""UNGÜLTIG"","
Stuttgart,Württemberg,10 Mrd,oD,Hochinflation 1923,25.0,II+,Waldorf-Astoria Cigarettenfabrik," , , , Üdr. auf 10 Mio"
Stuttgart,Württemberg,20 Mrd,oD,Hochinflation 1923,25.0,II+,Waldorf-Astoria Cigarettenfabrik," , , , Üdr. auf 20 Mio"
Stuttgart,Württemberg,50 Mrd,oD,Hochinflation 1923,45.0,II-,Waldorf-Astoria-Cigarettenfabrik," , , , Üdr a. 5 Mio violett"
Stuttgart,Württemberg,5 Mrd,oD,Hochinflation 1923,30.0,II+,Waldorf-Astoria Cigarettenfabrik," , , , Üdr. auf 5 Mio"
Stuttgart,Württemberg,100 Mrd,oD,Hochinflation 1923,65.0,II,Waldorf-Astoria-Cigarettenfabrik," , , ; Übdr. auf 5 Mio bau, dunkel"
Stuttgart,Württemberg,50 Mrd,oD,Hochinflation 1923,80.0,II,Waldorf-Astoria Cigarettenfabrik," , , ; Übdr. auf 5 Mio schwarz, KN braun"
Schorndorf,Württemberg,100 T,1.9.23,Hochinflation 1923,45.0,I-,Stadt," , , , Reihe A"
Schorndorf,Württemberg,1 Mio,1.9.23,Hochinflation 1923,35.0,I,Stadt," , , , 1 HU"
Schorndorf,Württemberg,3 Mio,1.9.23,Hochinflation 1923,35.0,I-,Stadt," , , , 1 HU"
Schorndorf,Württemberg,3 Mio,1.9.23,Hochinflation 1923,65.0,II,Stadt," , , , 2 HU"
Schorndorf,Württemberg,500 T,1.9.23,Hochinflation 1923,35.0,I,Stadt," , , , 1 HU"
Schorndorf,Württemberg,5 Mio,1.9.23,Hochinflation 1923,35.0,I-,Stadt," , , , 1 HU"
Schorndorf,Württemberg,1 Mio,1.9.23,Hochinflation 1923,65.0,II,Stadt," , , , 2 HU"
Schorndorf,Württemberg,1 Mio,1.9.23,Hochinflation 1923,50.0,III,Stadt," , , , 2 HU"
Schorndorf,Württemberg,3 Mio,1.9.23,Hochinflation 1923,50.0,III,Stadt," , , , 2 HU"
Schorndorf,Württemberg,5 Mio,1.9.23,Hochinflation 1923,65.0,II-,Stadt," , , , 2 HU"
Schorndorf,Württemberg,5 Mio,1.9.23,Hochinflation 1923,55.0,III,Stadt," , , , 2 HU"
Schorndorf,Württemberg,100 Mio,22.10.23,Hochinflation 1923,60.0,I,Stadt," , , , Üdr. auf 100 T, 1 HU"
Schorndorf,Württemberg,1 Mrd,oD,Hochinflation 1923,60.0,I-,Stadt," , , , Übdr. auf 1 Mio"
Schorndorf,Württemberg,300 Mio,22.10.23,Hochinflation 1923,60.0,I-,Stadt," , , , Üdr. auf 500 T, 1 HU"
Schorndorf,Württemberg,3 Mrd,22.10.23,Hochinflation 1923,60.0,I-,Stadt," , , , Üdr. auf 500 T, ohne Us"
Schorndorf,Württemberg,10 Mrd,25.10.23,Hochinflation 1923,80.0,I,Stadt," , , , C"
Schorndorf,Württemberg,1 Mrd,25.10.23,Hochinflation 1923,75.0,I-,Stadt," , , "
Schorndorf,Württemberg,5 Mrd,25.10.23,Hochinflation 1923,75.0,I,Stadt," , , "
Schorndorf,Württemberg,20 Mrd,6.11.23,Hochinflation 1923,75.0,I,Stadt," , , "
Schorndorf,Württemberg,50 Mrd,6.11.23,Hochinflation 1923,80.0,I,Stadt," , , , E"
Schorndorf,Württemberg,100 Mrd,9.11.23,Hochinflation 1923,80.0,I-,Stadt," , , "
Schorndorf,Württemberg,500 Mrd,9.11.23,Hochinflation 1923,80.0,I-,Stadt," , , "
Schorndorf,Württemberg,5 Mrd,25.10.23,Hochinflation 1923,65.0,I-,NoIssuerInfo," , "
Schorndorf,Württemberg,10 Mrd,oD,Hochinflation 1923,120.0,II,Atlantik-Werke," , , , Üdr. auf 100 Mio"
Schorndorf,Württemberg,1 Mio,15.8.23,Hochinflation 1923,45.0,III,NoIssuerInfo," , "
Schorndorf,Württemberg,5 Mio,24.8.23,Hochinflation 1923,15.0,II-,NoIssuerInfo," , "
Schorndorf,Württemberg,5 Mio,14.9.23,Hochinflation 1923,15.0,II,NoIssuerInfo," , "
Schorndorf,Württemberg,100 Mio,25.9.23,Hochinflation 1923,22.0,III,NoIssuerInfo," , "
Schorndorf,Württemberg,10 Mrd,25.9.23,Hochinflation 1923,40.0,II,Schwäbische Stockfabrik," , , oD, Üdr. auf 100 Mio vom "
Schramberg,Württemberg,1 Mio,15.9.23,Hochinflation 1923,95.0,II,Gustav Meier," , , "
Schramberg,Württemberg,300 T,12.10.23,Hochinflation 1923,60.0,II,Gustav Meier," , , "
Schramberg,Württemberg,50 T,22.8.23,Hochinflation 1923,60.0,III,Jos.Reichenbach," , , "
Schramberg,Württemberg,100 T,24.8.23,Hochinflation 1923,65.0,III,Emaillierwerk Ch. Schweizer," , , ; Papier wasserliniert"
Schramberg,Württemberg,100 Mio,15.10.23,Hochinflation 1923,180.0,III,Gräfl. von Bissingen'sches Werke," , , "
Schramberg,Württemberg,100 T,17.10.23,Hochinflation 1923,180.0,III,Gräfl. von Bissingen'sches Werke," , , "
Schramberg,Württemberg,500 T,1.9.23,Hochinflation 1923,180.0,III,Gräfl. von Bissingen'sches Werke," , , "
Schramberg,Württemberg,500 T,3.8.23,Hochinflation 1923,90.0,III,Hamburg-Amerikanische Uhrenfabrik," , , "
Schramberg,Württemberg,100 T,21.8.23,Hochinflation 1923,30.0,III+,Junghans," , , , Udr Wz 46 mm"
Schramberg,Württemberg,50 Mio,2.10.23,Hochinflation 1923,35.0,III,NoIssuerInfo," , "
Schramberg,Württemberg,100 Mio,12.10.23,Hochinflation 1923,35.0,III,NoIssuerInfo," , "
Schramberg,Württemberg,50 Mio,26.9.23,Hochinflation 1923,35.0,III,NoIssuerInfo," , "
Schramberg,Württemberg,2 Mrd,25.10.23,Hochinflation 1923,60.0,III,Junghans," , , "
Schramberg,Württemberg,20 Mrd,2.11.23,Hochinflation 1923,60.0,III,NoIssuerInfo," , "
Schramberg,Württemberg,50 Mio,2.10.23,Hochinflation 1923,35.0,III,NoIssuerInfo," , "
Schramberg,Württemberg,500 Mio,12.10.23,Hochinflation 1923,35.0,III,NoIssuerInfo," , "
Schramberg,Württemberg,2 Mrd,25.10.23,Hochinflation 1923,60.0,III,Junghans," , , "
Schramberg,Württemberg,1 Mio,14.8.23,Hochinflation 1923,30.0,III,NoIssuerInfo," , "
Schramberg,Württemberg,3 Mrd,26.10.23,Hochinflation 1923,180.0,II,Majolika-Fabrik," , , oD, Üdr. auf 20 Mio v. "
Schussenried,Württemberg,20 T,10.8.23,Hochinflation 1923,60.0,IV,Torfverwaltung," , , , 2 FUS"
Schussenried,Württemberg,20 T,10.8.23,Hochinflation 1923,60.0,IV,Torfverwaltung," , , , 2 HU"
Schussenried,Württemberg,20 T,21.8.23,Hochinflation 1923,95.0,III-,Torfverwaltung," , , "
Schussenried,Württemberg,50 T,21.8.23,Hochinflation 1923,120.0,III,Torfverwaltung," , , "
Schussenried,Württemberg,100 T,13.9.23,Hochinflation 1923,120.0,II,Torfverwaltung," , , "
Schussenried,Württemberg,200 T,13.9.23,Hochinflation 1923,120.0,II+,Torfverwaltung," , , "
Schussenried,Württemberg,20 T,13.9.23,Hochinflation 1923,120.0,II-,Torfverwaltung," , , "
Schussenried,Württemberg,50 T,13.9.23,Hochinflation 1923,130.0,I-,Torfverwaltung," , , "
Schussenried,Württemberg,1 Mrd,oD,Hochinflation 1923,25.0,I,Torfverwaltung," , , ; Übdr. Auf 10 Mio"
Schussenried,Württemberg,10 Mrd,30.10.23,Hochinflation 1923,45.0,II,Torfverwaltung," , , "
Schussenried,Württemberg,1 Mrd,30.10.23,Hochinflation 1923,25.0,II,Torfverwaltung," , , "
Schussenried,Württemberg,1 Mrd,22.10.23,Hochinflation 1923,20.0,III,Torfverwaltung," , , "
Schussenried,Württemberg,100 Mrd,8.11.23,Hochinflation 1923,45.0,II+,Torfverwaltung," , , "
Schussenried,Württemberg,200 Mrd,8.11.23,Hochinflation 1923,35.0,II,Torfverwaltung," , , "
Schussenried,Württemberg,200 Mrd,16.11.23,Hochinflation 1923,30.0,III+,Torfverwaltung," , , "
Schussenried,Württemberg,1 Bio,16.11.23,Hochinflation 1923,45.0,III-,Torfverwaltung," , , , Udr. hellgrün"
Schussenried,Württemberg,1 Bio,16.11.23,Hochinflation 1923,50.0,II,Torfverwaltung," , , , Udr. hellgrün"
Schussenried,Württemberg,1 Bio,16.11.23,Hochinflation 1923,60.0,I-,Torfverwaltung," , , , Udr. hellgraugrün"
Schussenried,Württemberg,1 Bio,16.11.23,Hochinflation 1923,50.0,II,Torfverwaltung," , , , Udr. hellgraugrün"
Schwäbisch Gmünd,Württemberg,100 T,1.9.23,Hochinflation 1923,45.0,I,Oberamtsstadt," , , "
Schwäbisch Gmünd,Württemberg,500 T,1.9.23,Hochinflation 1923,25.0,IV,Oberamtsstadt," , , , Dfa. 33 mm, Zierstück beachten"
Schwäbisch Gmünd,Württemberg,500 T,1.9.23,Hochinflation 1923,35.0,I,Oberamtsstadt," , , , Dfa. 33 mm, ""ungültig"" gelocht"
Schwäbisch Gmünd,Württemberg,500 T,1.9.23,Hochinflation 1923,35.0,II,Oberamtsstadt," , , , Dfa. 33 mm, Zierstück beachten"
Schwäbisch Gmünd,Württemberg,10 Mio,1.9.23,Hochinflation 1923,150.0,III,Oberamtsstadt," , , "
Schwäbisch Gmünd,Württemberg,20 Mio,1.9.23,Hochinflation 1923,150.0,III,Oberamtsstadt," , , "
Schwäbisch Gmünd,Württemberg,10 Mrd,25.10.23,Hochinflation 1923,35.0,I,Oberamtsstadt," , , , ohne KN"
Schwäbisch Gmünd,Württemberg,50 Mrd,25.10.23,Hochinflation 1923,35.0,I-,Oberamtsstadt," , , , ohne KN"
Schwäbisch Gmünd,Württemberg,5 Mrd,25.10.23,Hochinflation 1923,45.0,II,Oberamtsstadt," , , "
Schwäbisch Gmünd,Württemberg,200 Mrd,16.11.23,Hochinflation 1923,40.0,III,Oberamtsstadt," , , "
Schwäbisch Gmünd,Württemberg,100 T,13.8.23,Hochinflation 1923,170.0,III,Stadtkasse," , , "
Schwäbisch Gmünd,Württemberg,100 T,13.8.23,Hochinflation 1923,200.0,III,Stadtkasse," , , , Aussteller: Julius Kucher jr."
Schwäbisch Hall,Württemberg,1 Bio,oD,Hochinflation 1923,45.0,II+,Amtskörperschaft," , , , Üdr. a. 20 Mk v. 1918, KN 4,4 mm"
Schwenningen,Württemberg,100 T,NoDate,Hochinflation 1923,95.0,I-,Stadt," , , 13,8,23"
Schwenningen,Württemberg,20 Mrd,25.10.23,Hochinflation 1923,120.0,II,Stadt," , , "
Schwenningen,Württemberg,20 Mrd,25.10.23,Hochinflation 1923,85.0,II-,Arbeitgeberverband," , , "
Schwenningen,Württemberg,50 T,10.8.23,Hochinflation 1923,180.0,III,Th.E.Haller," , , "
Tailfingen,Württemberg,1 Bio,20.10.23,Hochinflation 1923,45.0,I-,Gemeinde," , , "
Tailfingen,Württemberg,1 Mio,oD,Hochinflation 1923,30.0,III,Gewerbebank," , , "
Tailfingen,Württemberg,1 Mio,oD,Hochinflation 1923,30.0,III,Gewerbebank," , , "
Tailfingen,Württemberg,10 Mio,25.9.23,Hochinflation 1923,20.0,II-,Gewerbebank," , , , entwertet"
Tailfingen,Württemberg,20 Mio,25.9.23,Hochinflation 1923,30.0,II-,Gewerbebank," , , , entwertet"
Tailfingen,Württemberg,50 Mio,25.9.23,Hochinflation 1923,30.0,II+,Gewerbebank," , , , entwertet"
Tettnang,Württemberg,1 Mio,27.8.23,Hochinflation 1923,30.0,I-,NoIssuerInfo," , ; ohne KN"
Trossingen,Württemberg,10 Mrd,24.10.23,Hochinflation 1923,70.0,III,Gemeinde," , , , 2 HU"
Trossingen,Württemberg,100 Mrd,24.10.23,Hochinflation 1923,30.0,II,NoIssuerInfo," , , KN gekugelt"
Trossingen,Württemberg,100 Mrd,24.10.23,Hochinflation 1923,15.0,I-,Gemeinde," , , , 2. Us 26 mm"
Trossingen,Württemberg,10 Mrd,24.10.23,Hochinflation 1923,15.0,II,NoIssuerInfo," , ; Us 26 mm"
Trossingen,Württemberg,100 Mrd,24.10.23,Hochinflation 1923,15.0,I-,NoIssuerInfo," , , № KN 6*s"
Trossingen,Württemberg,50 Mrd,24.10.23,Hochinflation 1923,15.0,I,Gemeinde," , , , 2. Us 38 mm"
Trossingen,Württemberg,5 Mrd,24.10.23,Hochinflation 1923,15.0,I-,Gemeinde," , , , 2. Us 38 mm"
Trossingen,Württemberg,50 Mrd,25.10.23,Hochinflation 1923,45.0,II-,Handwerkerbank," , , "
Tübingen,Württemberg,1 Mio,25.8.23,Hochinflation 1923,20.0,III,Universitätsstadt," , , , I HL"
Tübingen,Württemberg,2 Mio,1.9.23,Hochinflation 1923,20.0,IV,Universitätsstadt," , , , V WD"
Tübingen,Württemberg,50 Mrd,25.10.23,Hochinflation 1923,40.0,III-,Universitätsstadt," , , ,xEG, KN 4 mm"
Tübingen,Württemberg,50 Mrd,25.10.23,Hochinflation 1923,45.0,II-,Universitätsstadt," , , ,xEG, KN 4 mm"
Uhingen,Württemberg,500 T,11.8.23,Hochinflation 1923,280.0,II-,Mechanische Weberei," , , "
Uhingen,Württemberg,500 T,22.8.23,Hochinflation 1923,280.0,II,Bleicherei u. Färberei," , , "
Uhingen,Württemberg,500 T,10.8.23,Hochinflation 1923,280.0,II,Bleicherei u. Färberei," , , "
Ulm,Württemberg,1 Mio,25.8.23,Hochinflation 1923,45.0,I,Gebr. Eberhardt," , , "
Ulm,Württemberg,10 Mrd,25.10.23,Hochinflation 1923,55.0,I-,Gebr. Eberhardt," , , "
Ulm,Württemberg,20 Mrd,30.10.23,Hochinflation 1923,45.0,I-,J.Eckhardt & Sohn," , , , gelocht"
Ulm,Württemberg,20 Mrd,30.10.23,Hochinflation 1923,75.0,I,J.Eckhardt & Sohn," , , , Muister ohne KN"
Ulm,Württemberg,100 Mrd,15.11.23,Hochinflation 1923,75.0,II,J.Eckhardt & Sohn," , , , Lit B, gelocht"
Ulm,Württemberg,10 Mrd,25.10.23,Hochinflation 1923,35.0,II,Gabriel Lebrecht," , , "
Vaihingen a. Enz,Württemberg,5 Mio,5.9.23,Hochinflation 1923,35.0,III,Gemeinde," , , "
Vaihingen a. Enz,Württemberg,100 Mrd,26.10.23,Hochinflation 1923,25.0,I-,Gemeinde," , , "
Waiblingen,Württemberg,5 Bio,18.10.23,Hochinflation 1923,50.0,I,Stadtgemeinde," , , , ohne KN"
Waldsee,Württemberg,100 Mrd,21.9.23,Hochinflation 1923,25.0,II,Oberamtsstadt," , , "
Waldsee,Württemberg,50 Mrd,21.9.23,Hochinflation 1923,25.0,II-,Oberamtsstadt," , , "
Waldsee,Württemberg,100 T,17.8.23,Hochinflation 1923,75.0,III,Oberamtssparkasse," , , "
Waldsee,Württemberg,1 Mio,18.8.23,Hochinflation 1923,60.0,III+,Oberamtssparkasse," , , "
Waldsee,Württemberg,10 Mrd,30.10.23,Hochinflation 1923,45.0,II-,Oberamtssparkasse," , , , o.Wz."
Waldsee,Württemberg,20 Mrd,30.10.23,Hochinflation 1923,40.0,III,Oberamtssparkasse," , , "
Waldsee,Württemberg,50 Mrd,30.10.23,Hochinflation 1923,45.0,III,Oberamtssparkasse," , , "
Waldsee,Württemberg,100 Mrd,NoDate,Hochinflation 1923,45.0,III,Amtskörperschaft," , , 31-10.23"
Waldsee,Württemberg,10 Mrd,31.10.23,Hochinflation 1923,35.0,I-,Amtskörperschaft," , , "
Waldsee,Württemberg,200 Mrd,31.10.23,Hochinflation 1923,45.0,III,Amtskörperschaft," , , "
Waldsee,Württemberg,500 Mrd,31.10.23,Hochinflation 1923,45.0,III+,Amtskörperschaft," , , "
Waldsee,Württemberg,50 Mrd,31.10.23,Hochinflation 1923,45.0,III,Amtskörperschaft," , , "
Wangen,Württemberg,100 T,5.9.23,Hochinflation 1923,150.0,II,Baumwollspinnerei Erlangen," , , "
Wangen,Württemberg,100 T,20.8.23,Hochinflation 1923,120.0,III,G.A.Kaeß," , , , n.i.K."
Wangen,Württemberg,100 T,24.8.23,Hochinflation 1923,65.0,III-,G.A.Kaeß," , , "
Wangen,Württemberg,300 T,24.8.23,Hochinflation 1923,45.0,II-,G.A.Kaeß," , , "
Wangen,Württemberg,500 T,24.8.23,Hochinflation 1923,40.0,III+,G.A.Kaeß," , , "
Wangen,Württemberg,100 T,7.9.23,Hochinflation 1923,45.0,III+,G.A.Kaeß," , , "
Wangen,Württemberg,100 T,11.9.23,Hochinflation 1923,75.0,III-,G.A.Kaeß," , , , n.i.K."
Wangen,Württemberg,1 Mio,14.9.23,Hochinflation 1923,35.0,III-,G.A.Kaeß," , , "
Wangen,Württemberg,100 T,21.9.23,Hochinflation 1923,65.0,III-,G.A.Kaeß," , , "
Wangen,Württemberg,300 T,21.9.23,Hochinflation 1923,45.0,II,G.A.Kaeß," , , "
Wangen,Württemberg,100 T,18.9.23,Hochinflation 1923,65.0,IV,G.A.Kaeß," , , "
Wangen,Württemberg,3 Mio,18.9.23,Hochinflation 1923,35.0,III-,G.A.Kaeß," , , "
Wangen,Württemberg,100 T,25.9.23,Hochinflation 1923,65.0,II,G.A.Kaeß," , , "
Wangen,Württemberg,300 T,25.9.23,Hochinflation 1923,45.0,II,G.A.Kaeß," , , "
Wangen,Württemberg,100 T,28.9.23,Hochinflation 1923,45.0,II,G.A.Kaeß," , , "
Wangen,Württemberg,300 T,28.9.23,Hochinflation 1923,45.0,II,G.A.Kaeß," , , "
Wangen,Württemberg,10 Mrd,29.8.23,Hochinflation 1923,25.0,I-,Amtskörperschaft," , , "
Wangen,Württemberg,500 Mio,29.8.23,Hochinflation 1923,20.0,II+,Amtskörperschaft," , , "
Wangen,Württemberg,50 Mio,29.8.23,Hochinflation 1923,35.0,II-,Amtskörperschaft," , , "
Waldsee,Württemberg,50 T,16.8.23,Hochinflation 1923,65.0,III,Oberamtssparkasse," , , "
Waldsee,Württemberg,1 Mio,18.8.23,Hochinflation 1923,60.0,III+,Oberamtssparkasse," , , "
Weingarten,Württemberg,300 T,18.8.23,Hochinflation 1923,75.0,II,Gewerbebank," , , , Datum n.i.K."
Weingarten,Württemberg,500 T,22.8.23,Hochinflation 1923,75.0,II-,Gewerbebank," , , , Datum n.i.K."
Weingarten,Württemberg,300 T,22.8.23,Hochinflation 1923,75.0,II,Gewerbebank," , , , Datum n.i.K."
Weingarten,Württemberg,500 T,23.8.23,Hochinflation 1923,75.0,III,Gewerbebank," , , , Datum n.i.K."
Weingarten,Württemberg,300 T,14.8.23,Hochinflation 1923,75.0,III-,Eisengießerei Hugo Stoz," , , "
Weingarten,Württemberg,500 T,18.8.23,Hochinflation 1923,80.0,III,Eisengießerei Hugo Stoz," , , "
Weingarten,Württemberg,500 T,23.8.23,Hochinflation 1923,75.0,III-,Eisengießerei Hugo Stoz," , , "
Weingarten,Württemberg,300 T,31.8.23,Hochinflation 1923,80.0,II,Klosterbau Kellenried," , , "
Weingarten,Württemberg,300 T,28.8.23,Hochinflation 1923,75.0,III+,Klosterbau Kellenried," , , "
Weingarten,Württemberg,500 T,31.8.23,Hochinflation 1923,75.0,II-,Klosterbau Kellenried," , , "
Weingarten,Württemberg,1 Mio,30.8.23,Hochinflation 1923,55.0,III,Gewerbebank," , , "
Weingarten,Württemberg,500 T,18.8.23,Hochinflation 1923,40.0,III+,Gewerbebank," , , "
Weingarten,Württemberg,300 T,23.8.23,Hochinflation 1923,40.0,III+,Gewerbebank," , , "
Weingarten,Württemberg,1 Mio,24.8.23,Hochinflation 1923,45.0,II-,Gewerbebank," , , , ""1"" langer Anstrich"
Weingarten,Württemberg,300 T,24.8.23,Hochinflation 1923,120.0,III,Gewerbebank," , , "
Weingarten,Württemberg,1 Mio,24.8.23,Hochinflation 1923,50.0,II,Gewerbebank," , , , ""1"" kurzer Anstrich"
Weingarten,Württemberg,2 Mio,13.9.23,Hochinflation 1923,45.0,I,Gewerbebank," , , , WZ in Fraktur"
Weingarten,Württemberg,10 Mio,13.9.23,Hochinflation 1923,50.0,II,Gewerbebank," , , "
Weingarten,Württemberg,5 Mio,13.9.23,Hochinflation 1923,45.0,I-,Gewerbebank," , , "
Weinsberg,Württemberg,100 T,7.9.23,Hochinflation 1923,30.0,I,Stadtgemeinde," , , , E, ohne KN"
Weinsberg,Württemberg,2 Mio,7.9.23,Hochinflation 1923,30.0,I-,Stadtgemeinde," , , , E, ohne KN"
Welzheim,Württemberg,500 T,10.8.23,Hochinflation 1923,180.0,III,Oberamtssparkasse," , , , niK"
Wildberg,Württemberg,100 Mio,1.10.23,Hochinflation 1923,60.0,III+,Stadtgemeinde," , , , ""0"" eiförmig"
Wildberg,Württemberg,50 Mio,1.10.23,Hochinflation 1923,60.0,III,Stadtgemeinde," , , , ""0"" eiförmig"
Wildberg,Württemberg,20 Mio,1.10.23,Hochinflation 1923,75.0,III,Stadtgemeinde," , , , ""0"" oval fein, KN A"
Wildberg,Württemberg,5 Mio,1.10.23,Hochinflation 1923,60.0,I-,Stadtgemeinde," , , , ""0"" oval fein"
Wildberg,Württemberg,20 Mio,1.10.23,Hochinflation 1923,60.0,II-,Stadtgemeinde," , , , ""0"" oval halbfett"
Wildberg,Württemberg,1 Mrd,15.10.23,Hochinflation 1923,65.0,I-,Stadtgemeinde," , , , ""0"" oval halbfett"
Wildberg,Württemberg,20 Mrd,1.11.23,Hochinflation 1923,70.0,I-,Stadtgemeinde," , , "
Wildberg,Württemberg,100 Mrd,1.11.23,Hochinflation 1923,75.0,I-,Stadtgemeinde," , , "
Wildberg,Württemberg,20 Mrd,1.11.23,Hochinflation 1923,70.0,I-,Stadtgemeinde," , , , ""2"" offen"
Wildberg,Württemberg,50 Mrd,1.11.23,Hochinflation 1923,60.0,III,Stadtgemeinde," , , "
Winnenden,Württemberg,10 Mio,25.9.23,Hochinflation 1923,40.0,II,Stadt," , , "
Stuttgart,Württemberg,1000 Mrd,31.10.23,Hochinflation 1923,45.0,III,Finanzministerium," , , , 3 im Datum oben gerade"
Stuttgart,Württemberg,100 Mrd,31.10.23,Hochinflation 1923,35.0,I,NoIssuerInfo," , , Stkreis einfach, Serie B"
Stuttgart,Württemberg,10 Bio,1.11.23,Hochinflation 1923,140.0,I-,Finanzministerium," , , "
Wurzach,Württemberg,1 Bio,10.10.23,Hochinflation 1923,40.0,III,Gemeinde," , , "
Wurzach,Württemberg,2 Bio,10.10.23,Hochinflation 1923,45.0,III+,Gemeinde," , , "
Ebingen,Württemberg,50 Mio,12.10.23,Hochinflation 1923,180.0,IV,Rehfuss & Stocker," , , , Ecke fehlt, niK"
Blaubeuren,Württemberg,"0,21 GMk",16.11.23,Wertbeständiges Notgeld,15.0,I,Portlandcementfabrik," , , "
Blaubeuren,Württemberg,"0,42 GMk",16.11.23,Wertbeständiges Notgeld,15.0,I,Portlandcementfabrik," , , "
Blaubeuren,Württemberg,"1,05 GMk",16.11.23,Wertbeständiges Notgeld,15.0,I,Portlandcementfabrik," , , "
Blaubeuren,Württemberg,"4,20 GMk",16.11.23,Wertbeständiges Notgeld,15.0,I,Portlandcementfabrik," , , "
Ittenbeuren,Württemberg,"1,47 GMk",20.11.23,Wertbeständiges Notgeld,30.0,I,Gebrüder Spohn," , , ; ohne St."
Neckarsulm,Württemberg,"0,21 GMk",1.11.23,Wertbeständiges Notgeld,20.0,I,Gebrüder Spohn," , , "
Ittenbeuren,Württemberg,"2,94 GMk",20.11.23,Wertbeständiges Notgeld,30.0,I,Gebrüder Spohn," , , "
Neckarsulm,Württemberg,"2,10 GMk",1.11.23,Wertbeständiges Notgeld,15.0,II,Gebrüder Spohn," , , "
Künzelsau,Württemberg,1 Gmk,20.10.23,Wertbeständiges Notgeld,5.0,III,Glenk & Co.," , 1 GMk, "
Neckarsulm,Württemberg,"0,238 $",28.11.23,Wertbeständiges Notgeld,32.0,I,Gebrüder Spohn," , , , 1 Dollarmark"
Schwäbisch Gmünd,Württemberg,40 GPf,30.10.23,Wertbeständiges Notgeld,35.0,II+,HK u. Arbeitgeberverband," , , "
Schwäbisch Gmünd,Württemberg,10 GPf,30.10.23,Wertbeständiges Notgeld,8.0,I,HK u. Arbeitgeberverband," , , "
Schwäbisch Gmünd,Württemberg,40 GPf,30.10.23,Wertbeständiges Notgeld,8.0,I,HK u. Arbeitgeberverband," , , "
Schwäbisch Gmünd,Württemberg,1 Gmk,30.10.23,Wertbeständiges Notgeld,15.0,I,HK u. Arbeitgeberverband," , 1 GMk, "
Schwäbisch Gmünd,Württemberg,2 GMk,30.10.23,Wertbeständiges Notgeld,15.0,I,HK u. Arbeitgeberverband," , , "
Schwäbisch Gmünd,Württemberg,2 GMk,30.10.23,Wertbeständiges Notgeld,8.0,I,HK u. Arbeitgeberverband," , , , Rahmen 89x55 mm"
Stuttgart,Württemberg,1 Gmk,1.4.24,Wertbeständiges Notgeld,80.0,I,Waldorf-Astoria Cigarettenfabrik," , 1 GMk, Okt. 23 bis ; ""GA"", Rs. ungültig"
Ulm,Württemberg,5 Pf,oD,Wertbeständiges Notgeld,10.0,I,Stadt," , , , Gutschein für Gas u. Strom"
Ulm,Württemberg,100 Pf,oD,Wertbeständiges Notgeld,15.0,I-,Stadt," , , , Gutschein für Gas u. Strom"
Ulm,Württemberg,300 Pf,oD,Wertbeständiges Notgeld,12.0,I,Stadt," , , , Gutschein für Gas u. Strom, braun"
Ulm,Württemberg,300 Pf,oD,Wertbeständiges Notgeld,90.0,I-,Stadt," , , , Gutschein für Gas u. Strom, braun"
Ulm,Württemberg,5 Pf,oD,Wertbeständiges Notgeld,15.0,I,Stadt," , , , Gutschein für Gas u. Strom"
Ulm,Württemberg,20 Pf,oD,Wertbeständiges Notgeld,15.0,I-,Stadt," , , , Gutschein für Gas u. Strom"
Ulm,Württemberg,1000 Pf,oD,Wertbeständiges Notgeld,50.0,I,Stadt," , , , Gutschein für Gas u. Strom, violett"
Unterkochen,Württemberg,½ GMk,NoDate,Wertbeständiges Notgeld,150.0,I,Papierfabrik," , , Okt. 23"
Unterkochen,Württemberg,1 Gmk,NoDate,Wertbeständiges Notgeld,150.0,I,Papierfabrik," , 1 GMk, Okt. 23"
Stuttgart,Württemberg,1 Gmk,9.2.24,Wertbeständiges Notgeld,80.0,II,Verein für Jugendwohlfahrt," , 1 GMk, , Rahmen orange, Rs. ""Gib dem Höchsten…"""
Stuttgart,Württemberg,1 Gmk,9.2.24,Wertbeständiges Notgeld,90.0,I-,Verein für Jugendwohlfahrt," , 1 GMk, , Rahmen blau, Rs. ""Es geht ein…"""
Stuttgart,Württemberg,1 Gmk,9.2.24,Wertbeständiges Notgeld,90.0,I-,Verein für Jugendwohlfahrt," , 1 GMk, , Rahmen violett, Rs. ""Ich lann nicht…"""
Stuttgart,Württemberg,1 Gmk,9.2.24,Wertbeständiges Notgeld,50.0,III,Verein für Jugendwohlfahrt," , 1 GMk, , Rahmen grün, Rs. ""Es ist eine…"""
Eglosheim,Württemberg,10 Pf,oD,Kriegsgefangenenlager,22.0,I,Kriegsgefangenenlager," , , ; ohne FUS"
Eglosheim,Württemberg,20 Pf,oD,Kriegsgefangenenlager,22.0,I,Kriegsgefangenenlager," , , ; ohne FUS"
Eglosheim,Württemberg,1 Pf,oD,Kriegsgefangenenlager,22.0,I,Kriegsgefangenenlager," , , "
Eglosheim,Württemberg,2 Pf,oD,Kriegsgefangenenlager,10.0,I-,Kriegsgefangenenlager," , , "
Eglosheim,Württemberg,10 Pf,oD,Kriegsgefangenenlager,10.0,I-,Kriegsgefangenenlager," , , ; ohne FUS"
Eglosheim,Württemberg,20 Pf,oD,Kriegsgefangenenlager,10.0,I-,Kriegsgefangenenlager," , , , ohne FUS"
Eglosheim,Württemberg,2 Mk,oD,Kriegsgefangenenlager,22.0,I,Kriegsgefangenenlager," , , , WZ mit Enstrich,ohne FUS"
Eglosheim,Württemberg,5 Mk,oD,Kriegsgefangenenlager,15.0,I-,Kriegsgefangenenlager," , , , Abstand der Balken 50 mm, ohne FUS"
Ellwangen,Württemberg,1 Pf,oD,Kriegsgefangenenlager,20.0,I-,Offizier-Gefangenenlager," , , , St. B ""Kommandantur"", ""Ellwangen"" 15 mm"
Ellwangen,Württemberg,5 Pf,oD,Kriegsgefangenenlager,24.0,I,Offizier-Gefangenenlager," , , , St. B ""Kommandantur"", ""Ellwangen"" 15 mm"
Ellwangen,Württemberg,5 Pf,oD,Kriegsgefangenenlager,24.0,I,Offizier-Gefangenenlager," , , , mit St. ""Kommandantur"", ""Ellwangen"" 16,5 mm"
Ellwangen,Württemberg,10 Pf,oD,Kriegsgefangenenlager,24.0,I-,Offizier-Gefangenenlager," , , ; St. ""Kommandantur""; ""Ellwangen"" 15 mm"
Ellwangen,Württemberg,10 Pf,oD,Kriegsgefangenenlager,24.0,I,Offizier-Gefangenenlager," , , , mit St. ""Kommandantur"", ""Ellwangen"" 16,5 mm"
Ellwangen,Württemberg,20 Pf,oD,Kriegsgefangenenlager,24.0,I-,Offizier-Gefangenenlager," , , , mit St. ""Kommandantur"", ""Ellwangen"" 16,5 mm"
Ellwangen,Württemberg,50 Pf,oD,Kriegsgefangenenlager,24.0,I,Offizier-Gefangenenlager," , , , mit St. ""Kommandantur"", ""Ellwangen"" 16,5 mm"
Ellwangen,Württemberg,5 Mk,1.7.16,Kriegsgefangenenlager,18.0,III,Offizier-Gefangenenlager," , , , No steil, St. ""Kassenkommission)"
Ellwangen,Württemberg,10 Mk,1.7.16,Kriegsgefangenenlager,120.0,I,Offizier-Gefangenenlager," , , , № KN 00000, Muster"
Ellwangen,Württemberg,20 Mk,1.12.17,Kriegsgefangenenlager,35.0,III,Offizier-Gefangenenlager," , , , St. B ""Kommandantur"""
Ellwangen,Württemberg,50 Mk,1.7.16,Kriegsgefangenenlager,120.0,III,Offizier-Gefangenenlager," , , , St.: ""Kassenkommision"""
Ellwangen,Württemberg,1 Mk,1.12.17,Kriegsgefangenenlager,25.0,I-,Offizier-Gefangenenlager," , , , St. B ""Kommandantur"""
Ellwangen,Württemberg,2 Mk,1.12.17,Kriegsgefangenenlager,25.0,I,Offizier-Gefangenenlager," , , ; St. ""Kommanndantur"""
Ellwangen,Württemberg,10 Mk,1.6.18,Kriegsgefangenenlager,30.0,III,Offizier-Gefangenenlager," , , , St. ""Kassenkommission"""
Stuttgart,Württemberg,50 Pf,1.9.15,Kriegsgefangenenlager,40.0,III-,Kriegsgefangenenlager," , , ; Strich fein 9 mm"
Stuttgart,Württemberg,2 Pf,1.9.15,Kriegsgefangenenlager,22.0,I-,Kriegsgefangenenlager," , , , ""Stuttgart"" oben re 19 mm"
Stuttgart,Württemberg,50 Pf,1.9.15,Kriegsgefangenenlager,20.0,III-,Kriegsgefangenenlager," , , , ""Stuttgart"" oben re 19 mm"
Stuttgart,Württemberg,50 Pf,1.9.15,Kriegsgefangenenlager,22.0,III,Kriegsgefangenenlager," , , ; ""Stuttgart"" 19 mm"
Stuttgart,Württemberg,100 Pf,1.9.15,Kriegsgefangenenlager,20.0,III,Kriegsgefangenenlager," , , , ""Stuttgart"" oben re 17,5 mm"
Stuttgart,Württemberg,5 Mk,1.12.17,Kriegsgefangenenlager,12.0,III,Kriegsgefangenenlager," , , "
Stuttgart,Württemberg,1 Pf,oD,Kriegsgefangenenlager,15.0,I-,Offizier-Gefangenenlager," , , , mit St"
Stuttgart,Württemberg,2 Pf,oD,Kriegsgefangenenlager,10.0,I-,Offizier-Gefangenenlager," , , ; ohne St"
Stuttgart,Württemberg,10 Mk,20.12.17,Kriegsgefangenenlager,25.0,II-,Offizier-Gefangenenlager," , , "
Stuttgart,Württemberg,20 Mk,20.12.17,Kriegsgefangenenlager,25.0,I-,Offizier-Gefangenenlager," , , "
Buchau,Württemberg,Satz,23.6.21,Serienscheine,50.0,I,Verein für Altertumspflege," , , , 25, 50 Pf, 1, 2, 3, 5 Mk, Wz. GS-Muster, mit KN"
Schwäbisch Gmünd,Württemberg,Satz,1.9.21,Serienscheine,2.5,I,Oberamtsstadt," , , , 3x50 Pf, KN 4,5 mm"
Stuttgart,Württemberg,1 Mk,oD,Serienscheine,36.0,I,Königsdragoner," , , , mit Dfa."
Stuttgart,Württemberg,1 Mk,oD,Serienscheine,7.0,I,Königsdragoner," , , , ohne Dfa."
Stuttgart,Württemberg,Satz,21.4.21,Serienscheine,3.0,I,Stadt," , , , 4 x 50 Pf, ohne Dfa"
Stuttgart,Württemberg,50 Pf,21.4.21,Serienscheine,0.8,I,Stadt," , , , A (blaugrün), mit KN"
Stuttgart,Württemberg,Satz,21.3.22,Serienscheine,30.0,I,Stadt," , , , 12x50 Pf, mit KN"
Besigheim,Württemberg,20 Pf,oD,Verkehrsausgaben,15.0,I,G. Müller'sche Buchdruckerei," , , , Karton dick hellrot"
Besigheim,Württemberg,50 Pf,oD,Verkehrsausgaben,8.0,I,G. Müller'sche Buchdruckerei," , , , dünnes Kartonpap hellgrün"
Biberach/Riss,Württemberg,10 Pf,1.1.18,Verkehrsausgaben,18.0,I,Stadt," , , , Schwanz des Wappentiers nach oben, KN 3,5 mm"
Biberach/Riss,Württemberg,10 Pf,1.1.18,Verkehrsausgaben,12.0,III,Stadt," , , , Schwanz des Wappentiers nach oben, KN 3,5 mm"
Biberach/Riss,Württemberg,50 Pf,1.1.18,Verkehrsausgaben,20.0,I,Stadt," , , , Schwanz des Wappentiers nach oben, KN 3,5 mm"
Biberach/Riss,Württemberg,10 Pf,1.1.18,Verkehrsausgaben,9.0,I,Stadt," , , , Schwanz des Wappentiers nach unten, KN 4,7 mm"
Cannstatt,Württemberg,50 Pf,1.4.20,Verkehrsausgaben,8.0,I,Amtskörperschaft," , , , Wz Z-Muster, KN 5 mm"
Cannstatt,Württemberg,50 Pf,1.4.20,Verkehrsausgaben,4.0,I,Amtskörperschaft," , , , Wz Stern-Sechseckmuster, KN 3 mm"
Cannstatt,Württemberg,1 Pf,oD,Verkehrsausgaben,15.0,I,Otto Martin," , , , Karton, mit ""Gutschein"""
Cannstatt,Württemberg,2 Pf,oD,Verkehrsausgaben,15.0,I,Otto Martin," , , , Karton, mit ""Gutschein"""
Cannstatt,Württemberg,3 Pf,oD,Verkehrsausgaben,15.0,I,Otto Martin," , , , Karton, mit ""Gutschein"""
Cannstatt,Württemberg,4 Pf,oD,Verkehrsausgaben,15.0,I,Otto Martin," , , , Karton, mit ""Gutschein"""
Cannstadt,Württemberg,2 Pf,oD,Verkehrsausgaben,12.0,I,M. Obrecht Wwe.," , , , Karton gezähnt"
Cannstadt,Württemberg,1 Pf,oD,Verkehrsausgaben,12.0,I,Paul Schauffler," , , , Karton, St."
Cannstadt,Württemberg,2 Pf,oD,Verkehrsausgaben,12.0,I,Paul Schauffler," , , , Karton, St."
Ehingen,Württemberg,25 Pf,NoDate,Verkehrsausgaben,4.0,I,Stadt," , , 1918"
Eßlingen,Württemberg,50 Pf,NoDate,Verkehrsausgaben,2.0,I,Stadt," , , 1917 - 1.1.1919 Wz Stern-Sechseckmuster"
Eßlingen,Württemberg,50 Pf,NoDate,Verkehrsausgaben,2.0,I,Stadt," , , 1917 - 1.1.1921, Wz Z-Muster, № KN"
Friedrichshafen,Württemberg,50 Pf,oD,Verkehrsausgaben,6.0,I,Stadt," , , , Udr. hellgrün, № KN 5stellig, Dfa. 30 mm"
Friedrichshafen,Württemberg,50 Pf,oD,Verkehrsausgaben,12.0,I,Stadt," , , , Udr. hellgrün, Muster o. KN, Dfa. 29,5 mm"
Friedrichshafen,Württemberg,50 Pf,oD,Verkehrsausgaben,4.0,I,Stadt," , , , Neudruck, Udr. dunkelgrün, ohne KN"
Geislingen,Württemberg,25 Pf,NoDate,Verkehrsausgaben,2.0,I,Stadt," , , Okt. 18, KN 1 - 50.000 Glanzdruck"
Geislingen,Württemberg,50 Pf,NoDate,Verkehrsausgaben,2.0,I,Stadt," , , Okt. 18, KN 1 - 50.000 Glanzdruck"
Geislingen,Württemberg,25 Pf,NoDate,Verkehrsausgaben,2.0,I,Stadt," , , Okt. 18, KN 50.001-60.000 matt"
Geislingen,Württemberg,25 Pf,NoDate,Verkehrsausgaben,2.0,I-,Stadt," , , Okt. 18, KN 60 001-75000, Glanzdruck, Figuren dunkel"
Geislingen,Württemberg,50 Pf,NoDate,Verkehrsausgaben,3.0,I,Stadt," , , Okt. 18, Mattdruck, KN 60001-75000"
Geislingen,Württemberg,25 Pf,NoDate,Verkehrsausgaben,2.0,I,Stadt," , , Okt. 18, KN über 75.000 Glanzdruck"
Geislingen,Württemberg,50 Pf,NoDate,Verkehrsausgaben,2.0,I,Stadt," , , Okt. 18, KN über 75.000 Glanzdruck"
Geislingen,Württemberg,1 Pf,31.12.19,Verkehrsausgaben,9.0,I,Metallwarenfabrik," , , oD-, Kartonmarken"
Geislingen,Württemberg,2 Pf,31.12.19,Verkehrsausgaben,9.0,I,Metallwarenfabrik," , , oD-, Kartonmarken"
Göppingen,Württemberg,50 Pf,NoDate,Verkehrsausgaben,4.0,I-,Stadt," , , 1917"
Heilbronn,Württemberg,50 Pf,1.12.17,Verkehrsausgaben,20.0,I,Stadtgemeinde," , , , Wz Marmor, KN schwarz"
Heilbronn,Württemberg,50 Pf,1.12.17,Verkehrsausgaben,10.0,I,Stadtgemeinde," , , , dickes kartonartiges Pap, o.Wz"
Heilbronn,Württemberg,50 Pf,1.12.17,Verkehrsausgaben,6.0,I,Stadtgemeinde," , , , KN schwarz 4,5 mm Type II"
Heilbronn,Württemberg,50 Pf,1.12.17,Verkehrsausgaben,5.0,I,Stadtgemeinde," , , , KN blau 5 mm, Pap. dünn o.Wz"
Heilbronn,Württemberg,50 Pf,1.12.17,Verkehrsausgaben,2.0,I,Stadtgemeinde," , , -31.12.19, Pap dünn. o.Wz. KN rot 5 mm"
Heilbronn,Württemberg,50 Pf,1.12.17,Verkehrsausgaben,1.0,I,Stadtgemeinde," , , -31.12.19, o.Wz. KN rot"
Heilbronn,Württemberg,50 Pf,1.12.17,Verkehrsausgaben,1.0,I,Stadtgemeinde," , , -31.12.19, o.Wz. KN rot"
Horb,Württemberg,50 Pf,NoDate,Verkehrsausgaben,4.0,I,Amtskörperschaft," , , Dez. 18, o.Wz. KN schwarz"
Horb,Württemberg,50 Pf,NoDate,Verkehrsausgaben,3.0,I,Amtskörperschaft," , , Dez. 18, o.Wz. KN braun"
Kirchheim-Teck,Württemberg,50 Pf,15.6.17,Verkehrsausgaben,8.0,I,Stadt," , , , Wz plastische Kette"
Kirchheim-Teck,Württemberg,50 Pf,19.9.18,Verkehrsausgaben,3.0,I,Stadt," , , , Wz plastische Kette, Pap grau, Udr gelbgrün"
Kirchheim-Teck,Württemberg,50 Pf,19.9.18,Verkehrsausgaben,4.0,I,Stadt," , , , Wz plastische Kette, Pap weiß, Udr gelb"
Laupheim,Württemberg,50 Pf,15.5.17,Verkehrsausgaben,6.0,I,Stadt," , , , o.Wz"
Laupheim,Württemberg,5 Pf,15.5.17,Verkehrsausgaben,3.0,III,Stadt," , , , o.Wz"
Laupheim,Württemberg,50 Pf,5.7.19,Verkehrsausgaben,3.0,I,Stadt," , , , o.Wz. KN ohne Raster, Wappen in matten Farben"
Laupheim,Württemberg,50 Pf,5.7.19,Verkehrsausgaben,2.0,I,Stadt," , , , o.Wz. KN ohne Raster, Wappen in kräftigen Farben"
Nürtingen,Württemberg,50 Pf,1.3.18,Verkehrsausgaben,4.0,I,Stadtgemeinde," , , , Wz Wellen"
Nürtingen,Württemberg,50 Pf,21.7.20,Verkehrsausgaben,3.0,I,Stadtgemeinde," , , , Wz Wellen"
Oberndorf,Württemberg,50 Pf,NoDate,Verkehrsausgaben,2.0,I-,Stadt," , , April 18, Wz Stern-Sechseckmuster, Neudruck"
Rottenburg a. N.,Württemberg,50 Pf,2.1.18,Verkehrsausgaben,3.0,I,Stadt," , , -1.1.1921, Wz plastische Kette, Grund braunrot"
Rottenburg a. N.,Württemberg,50 Pf,2.1.18,Verkehrsausgaben,2.0,I,Stadt," , , -31.12.1921, Wz plastische Kette, Udr rot"
Rottenburg a. N.,Württemberg,50 Pf,2.1.18,Verkehrsausgaben,2.0,I,Stadt," , , -31.12.1921, Wz plastische Kette, Udr blau"
Rottweil,Württemberg,50 Pf,NoDate,Verkehrsausgaben,3.0,I,Stadt," , , Jan.16, Pap dick, Wz Wellen, KN 56000-87000"
Rottweil,Württemberg,50 Pf,NoDate,Verkehrsausgaben,2.0,I,Stadt," , , Jan.18, Pap glatt, Wz Sternenpost, KN 87.000-15.000"
Rottweil,Württemberg,50 Pf,NoDate,Verkehrsausgaben,2.0,I,Stadt," , , Jan.18, Pap dünn, Wz Wellen, KN 15.001-124.500"
Saulgau,Württemberg,50 Pf,15.2.18,Verkehrsausgaben,30.0,I,Stadtpflege," , , , mit KN"
Saulgau,Württemberg,10 Pf,15.2.18,Verkehrsausgaben,3.0,I-,Stadtpflege," , , , Dfa. ""Carl Grüninger (Klett..), Stuttgart"" ohne KN"
Saulgau,Württemberg,50 Pf,15.2.18,Verkehrsausgaben,4.0,I,Stadtpflege," , , , ohne KN"
Saulgau,Württemberg,50 Pf,15.2.18,Verkehrsausgaben,12.0,I-,Stadtpflege," , , , Dfa. ""Carl Grüninger Nachf., Stuttgart"" № KN"
Saulgau,Württemberg,10 Pf,15.2.18,Verkehrsausgaben,2.0,I-,Stadtpflege," , , , Dfa. ""Carl Grüninger Nachf., Stuttgart"" ohne KN"
Saulgau,Württemberg,50 Pf,15.2.18,Verkehrsausgaben,2.0,I-,Stadtpflege," , , , Dfa. ""Carl Grüninger Nachf., Stuttgart"" ohne KN"
Saulgau,Württemberg,10 Pf,15.2.18,Verkehrsausgaben,3.0,I-,Stadtpflege," , , , Dfa. ""Carl Grüninger Nachf. Ernst Klett, Stuttgart"""
Schorndorf,Württemberg,50 Pf,oD,Verkehrsausgaben,3.0,I-,Stadt," , , , № KN schwarz"
Schramberg,Württemberg,50 Pf,7.9.17,Verkehrsausgaben,15.0,I,Stadt," , , , Dfa. im Blockdruck, mit Punkt am Ende"
Schramberg,Württemberg,50 Pf,7.9.17,Verkehrsausgaben,6.0,III-,Stadt," , , , Dfa. Normaler Druck, entwertet"
Schwäbisch Gmünd,Württemberg,50 Pf,1.10.17,Verkehrsausgaben,25.0,III,Oberamtsstadt," , , , Wz. Wellen, Dfa. in Blockschrift"
Schwäbisch Gmünd,Württemberg,50 Pf,1.3.18,Verkehrsausgaben,25.0,I,Oberamtsstadt," , , , Wz Stern-Sechseckmuster"
Schwäbisch Gmünd,Württemberg,50 Pf,1.10.18,Verkehrsausgaben,4.0,I,Oberamtsstadt," , , , Wz Wellen, Wert gelb"
Schwenningen,Württemberg,50 Pf,10.12.17,Verkehrsausgaben,18.0,I,Stadt," , , , Wz Z-Muster"
Schwenningen,Württemberg,50 Pf,7.1.19,Verkehrsausgaben,7.0,I,Stadt," , , , Wz Z-Muster, Udr hellgrün"
Sigmaringen,Württemberg,50 Pf,1.9.18,Verkehrsausgaben,3.0,I,Stadt," , , , Wz Sutter-Muster"
Sigmaringen,Württemberg,50 Pf,1.8.20,Verkehrsausgaben,2.0,I,Stadt," , , , Wz helle Kreuze, Udr.-Linien zur Ecke"
Sigmaringen,Württemberg,50 Pf,1.8.20,Verkehrsausgaben,2.0,I,Stadt," , , , Wz helle Kreuze, Udr.-Linien quer zur Ecke"
Stuttgart,Württemberg,50 Pf,oD,Verkehrsausgaben,12.0,I,Stadt," , , , Spezial-Wz. Ornament unter WZ schwarz"
Stuttgart,Württemberg,50 Pf,oD,Verkehrsausgaben,6.0,I,Stadt," , , , Spezial-Wz. Ornament unter WZ hell"
Stuttgart,Württemberg,50 Pf,oD,Verkehrsausgaben,2.0,I-,Stadt," , , , Wz Stern-Sechseckmuster, I KN"
Stuttgart,Württemberg,50 Pf,oD,Verkehrsausgaben,2.0,I-,Stadt," , , , Wz Stern-Sechseckmuster, II KN"
Tettnang,Württemberg,50 Pf,1.12.18,Verkehrsausgaben,3.0,I,Stadt," , , , Wz Tropfen, KN 50000-77500"
Tübingen,Württemberg,2 Pf,oD,Verkehrsausgaben,12.0,I,Carl Flammer," , , , Rs. ohne St."
Tuttlingen,Württemberg,50 Pf,oD,Verkehrsausgaben,3.0,I,Stadt," , , , Vs Turmdach vollständig"
Tuttlingen,Württemberg,50 Pf,oD,Verkehrsausgaben,7.0,I-,Stadt," , , , Vs Turmdach verstümmelt"
Vaihingen a. Enz,Württemberg,10 Pf,NoDate,Verkehrsausgaben,7.0,I-,Amtskörperschaft," , , Apr.18 - 31.12.1919, Rs Druck schwarzblau, KN 5 mm"
Vaihingen a. Enz,Württemberg,50 Pf,NoDate,Verkehrsausgaben,9.0,I,Amtskörperschaft," , , Apr.18 - 31.12.1919, Rs Druck schwarzblau, KN 5 mm"
Vaihingen a. Enz,Württemberg,10 Pf,31.12.20,Verkehrsausgaben,12.0,I,Amtskörperschaft," , , Apr.18, gültig bis "
Vaihingen a. Enz,Württemberg,50 Pf,31.12.20,Verkehrsausgaben,12.0,I,Amtskörperschaft," , , Apr.18, gültig bis "
Zuffenhausen,Württemberg,50 Pf,oD,Verkehrsausgaben,4.0,I-,Stadt," , , , N bei No. breit"
Zuffenhausen,Württemberg,50 Pf,oD,Verkehrsausgaben,6.0,I-,Stadt," , , , N bei No. schmal"
Waiblingen,Württemberg,1+1 Pf,oD,Verkehrsausgaben,85.0,I,Schulteissenamt," , , , Karton grün, Doppelstück"
Waiblingen,Württemberg,2+2 Pf,oD,Verkehrsausgaben,85.0,I,Schulteissenamt," , , , Karton sämisch, Doppelstück"
